这类地区，不能随意进行区域封闭管理！疾控专家解读→,https://news.cctv.com/2022/11/29/ARTI3dQAKyFudNdpnAnnwX7S221129
北京最新通报！进一步优化核酸检测！这些地点，快封快解,https://news.cctv.com/2022/11/29/ARTIZncoKyZrsvpF5qBSTVKA221129
楼市“第三支箭”来了！证监会已发出，影响多大？,https://news.cctv.com/2022/11/29/ARTIFZwXI9Ruxz2kbIjZd6sI221129
中华人民共和国和蒙古国关于新时代推进全面战略伙伴关系的联合声明,https://news.cctv.com/2022/11/29/ARTIiDaUZXNJGCZAm5aJOOVN221129
北京中轴线遗产“全景图”公开！明确15处遗产构成要素,https://news.cctv.com/2022/11/29/ARTIRjdJtxQJ1Hk4jXI62GDe221128
两家银行29日起在5个城市试点发行特定养老储蓄产品,https://news.cctv.com/2022/11/29/ARTI6H9vouMyeJ5FxpNzH32b221128
南方多地今冬初雪即将登场 雨雪进程图看你家何时飘雪,https://news.cctv.com/2022/11/29/ARTIWSy2tr6Rs5bJmdzKZSgT221128
速览！神舟十五号载人飞行任务看点如下,https://news.cctv.com/2022/11/29/ARTITnuApuHpVx73GGiy4XXG221128
重磅微视频《航天新征程》,https://news.cctv.com/2022/11/28/ARTI2RlM1fisoaoK4GGUXwSq221128
大国外交最前线丨外交部副部长孙卫东：中蒙关系步入新阶段 迈上新台阶,https://news.cctv.com/2022/11/28/ARTIo3ck3PVGzyNF6aA3yeVR221128
焦点访谈：新时代 新征程 新伟业 走进振兴中的乡村,https://news.cctv.com/2022/11/28/ARTIVJs1pKett9AtzOtulvn7221128
习近平同蒙古国总统举行会谈,https://news.cctv.com/2022/11/28/ARTIWXIgM4fsxPUzpgpJ16rd221128
习近平同蒙古国总统呼日勒苏赫举行会谈,https://news.cctv.com/2022/11/28/ARTICoCGArpLxwzciNCEgvmc221128
学古不泥古丨李燕,https://news.cctv.com/2022/11/28/ARTIcOTG36tMsN7lHBOOS58Z221128
习近平举行仪式欢迎蒙古国总统访华,https://news.cctv.com/2022/11/28/ARTIrlfdUL3C1gK2oB1lkuWJ221128
不折不扣落实疫情防控优化措施：加强服务保障 满足群众亟需,https://news.cctv.com/2022/11/28/ARTI4NS29jVyDRJWcAOC0LmJ221128
权威解读：坚持科学精准有效防控,https://news.cctv.com/2022/11/28/ARTI7xtooQZazf58JAzgVjoE221128
神舟十五号载人飞船发射窗口确定 航天员乘组亮相,https://news.cctv.com/2022/11/28/ARTIbkpGrkSgUEt0d2rLPEAo221128
【逐梦新程】团结奋斗 迈向伟大复兴,https://news.cctv.com/2022/11/28/ARTIOjez5Ae4cCfaVmh8s1vo221128
独家视频丨习近平同蒙古国总统呼日勒苏赫举行会谈,https://news.cctv.com/2022/11/28/ARTIg5c4zdKArOnfRNFZylme221128
独家视频丨习近平举行仪式欢迎蒙古国总统访华,https://news.cctv.com/2022/11/28/ARTIdyrlGLCHPtUj3pYs2zb2221128
应习近平邀请 欧洲理事会主席将访华,https://news.cctv.com/2022/11/28/ARTIVDPmyZ1JB9jQ9SAK33w0221128
著名画家范扬：论中国特色社会主义文艺的价值取向,https://news.cctv.com/2022/11/28/ARTISSnzEcnWVWyGnuDHf4m4221128
11月28日11-17时，杭州新增37例新冠病毒无症状感染者,https://news.cctv.com/2022/11/28/ARTIK8aUvtHcDoulGXr8oHda221128
证监会新闻发言人就资本市场支持房地产市场平稳健康发展答记者问,https://news.cctv.com/2022/11/28/ARTILCxWAXddEbrLuDcjKdGk221128
11月28日起，海南省东方市新增2个高风险区,https://news.cctv.com/2022/11/28/ARTIbzhSQP7jZU7cdeeKPzXg221128
大国外交最前线丨金不换的好邻居 远道而来的草原朋友,https://news.cctv.com/2022/11/28/ARTIIx1y9kldErzEy0rLaeWp221128
黄坤明督导防疫工作：不断提高防控科学性精准性有效性,https://news.cctv.com/2022/11/28/ARTIy4rFSGNckLNosXqHyiKx221128
浙江绍兴 何水法美术馆：让艺术贴近大众,https://news.cctv.com/2022/11/28/ARTI7Oev4HsJGlYvogJigzoq221128
欧洲理事会主席米歇尔将访华,https://news.cctv.com/2022/11/28/ARTIsgRFQtm4D4RLTH2oRjzi221128
中央气象台继续发布寒潮橙色预警：中东部大部地区将出现剧烈降温,https://news.cctv.com/2022/11/28/ARTI6sk2IcHD79DvLswzas29221128
这，就是引狼入室的下场,https://news.cctv.com/2022/11/28/ARTIGAJgwL8hwV8Hg9N3M3ct221128
北京市商务局：近三成骑手被封控,https://news.cctv.com/2022/11/28/ARTIQSvpfo8O7kAC0dI7U7Rm221128
湖北宜昌：“水上公路”入画来,https://photo.cctv.com/2022/11/28/PHOA6R7ZFoG39S7DHxN3rCFF221128
全总深入推进新就业形态劳动者建会入会工作,https://news.cctv.com/2022/11/28/ARTIuZt2wd0M92QdyUDfkRvf221128
北京提醒居家隔离及其同住人员要严格居家,https://news.cctv.com/2022/11/28/ARTI5k3Is4VoXpefaXgSh0pX221128
11月28日0时至15时，北京新增本土新冠肺炎病毒感染者2086例,https://news.cctv.com/2022/11/28/ARTIlpzFYlPvAjNefyLnGzcj221128
上海新增社会面3例本土确诊病例和3例无症状感染者 七地列为高风险区,https://news.cctv.com/2022/11/28/ARTIhMOxYfijRkQ0dhGTxP0v221128
北京新增病例数快速增长势头有所遏制,https://news.cctv.com/2022/11/28/ARTI9bSpMJcb7pRQF3gOhIVM221128
常态化做核酸安全吗？冬天做核酸注意什么？北京疾控专家解答,https://news.cctv.com/2022/11/28/ARTIx32gHZBSJ3wQ3LDNRedz221128
南昌：城市上空云雾缭绕,https://photo.cctv.com/2022/11/28/PHOAa8TokTn3YD7XkCs5YUgg221128
总书记与追梦人的温暖瞬间｜“我们经过接续奋斗，实现了小康这个中华民族的千年梦想”,https://news.cctv.com/2022/11/28/ARTIuHokTnNSP4870rQWNu3E221128
江苏连云港：渔船回港躲避寒潮大风,https://photo.cctv.com/2022/11/28/PHOAAvYnB6Xt1Dv4Veg5Hi1Q221128
独家视频丨习近平即将同蒙古国总统乌赫那・呼日勒苏赫举行会谈,https://news.cctv.com/2022/11/28/ARTIofHHGxkZb2oRZljMCSlh221128
国务院关税税则委员会公布对美加征关税商品第九次排除延期清单,https://news.cctv.com/2022/11/28/ARTIvBoh7U70uq4ps7nI7azM221128
新华全媒+｜黑龙江黑河：户外天然冰库 冻货俏销早市,https://news.cctv.com/2022/11/28/ARTIP7aoPbXtSn5I0IgqH4mE221128
航天新征程 | 听取“用户反馈” 打造舒适“交通工具”,https://news.cctv.com/2022/11/28/ARTIGHG3Y7nXBwTvfAjwRxZZ221128
航天新征程 | 在轨驻留纪录不断刷新,https://news.cctv.com/2022/11/28/ARTIQ9sSjUeeQWHwbsJm99aX221128
高风险区内核酸检测注意这些细节避免交叉感染,https://news.cctv.com/2022/11/28/ARTIl3OHiTBgLTK1rhPYAgJH221128
符合什么条件高风险区就可以解封？,https://news.cctv.com/2022/11/28/ARTIDC29Rsl47nfumyoEEpIh221128
新时代新征程新伟业・二十大代表在基层丨师永霞：当好国门卫生安全的守护者,https://news.cctv.com/2022/11/28/ARTIQ8eLUfpmAlOdO4nifa9v221128
高风险区之外的地区不能随意采取封闭管理,https://news.cctv.com/2022/11/28/ARTIyrYoybyQXzPuO9irMzKn221128
航天新征程 | 六名航天员将首次实现“太空会师”,https://news.cctv.com/2022/11/28/ARTIKsqMPmsGMql94BmYgBtZ221128
我国生物多样性保护取得新成绩,https://news.cctv.com/2022/11/28/ARTIUH0PYmh2T5r3c0CLjmAk221128
“5G+工业互联网”在建项目超4000个,https://news.cctv.com/2022/11/28/ARTIuKNDbvrzK3W6ZQGnWo44221128
航天新征程 | 神舟十五号飞行乘组：我们准备好了,https://news.cctv.com/2022/11/28/ARTIARP48ptnh9K42GvhkNmd221128
北京延庆区新增7例感染者 其中社会面3例,https://news.cctv.com/2022/11/28/ARTIfbx8ANDieFCOGd2kCA7Z221128
《航天新征程｜出征太空》,https://news.cctv.com/2022/11/28/ARTIqw2Slqc8AxdrZRtkRq47221128
青岛：董家口原油商业储备库（二期）投产,https://photo.cctv.com/2022/11/28/PHOAzujfvTh96qodBnsFRtnX221128
湖北鹤峰：“云中公路”串起高山好风光,https://photo.cctv.com/2022/11/28/PHOArrzWLAVVNPcusYWlkSXU221128
27日12时至28日12时，济南新增本土确诊病例37例、无症状感染者209例,https://news.cctv.com/2022/11/28/ARTIC5dnreCvcJw8Jt4SYP1W221128
“臭水沟”变身湿地公园――南宁那考河走访见闻,https://news.cctv.com/2022/11/28/ARTIP5bnudD8VmgryTWd2kXw221128
以科学精准之策应对非常之难,https://news.cctv.com/2022/11/28/ARTIHFLk62V2uSus01WxZjYq221128
毒株BF.7变“强”了吗？普通外科口罩防得住吗？医疗救治专家权威解答,https://news.cctv.com/2022/11/28/ARTIkrflQitusCizYJLCSw09221128
西藏自治区那曲市政府原党组成员、副市长杨东升被开除党籍和公职,https://news.cctv.com/2022/11/28/ARTIj0OiV0ZO2mKZ6SAmFJWL221128
北京本轮疫情，不同情况的患者如何分级诊治？专家解读,https://news.cctv.com/2022/11/28/ARTIQhA2JMCoZyd6qhjAD8Jk221128
全国累计报告接种新冠病毒疫苗344332.7万剂次,https://news.cctv.com/2022/11/28/ARTIqe4TbqIEDqK6HdYqbRo6221128
北京本轮疫情主要毒株BF.7，传染性迄今最强,https://news.cctv.com/2022/11/28/ARTI0CjqP729lsfFqL3AbGYj221128
事关解封条件、临时管控时间等，多地最新通报！,https://news.cctv.com/2022/11/28/ARTIYDKWu4GVxHGiPCPvzFZW221128
北京：加强市区统筹优化防疫措施,https://news.cctv.com/2022/11/28/ARTIDpF8GkY7MaqZ5TBCN0dT221128
银保监会：要求金融租赁公司在三年过渡期内分阶段压降构筑物租赁业务,https://news.cctv.com/2022/11/28/ARTIxfuyalqbkosWD2zc4rLF221128
国家发展改革委有关负责同志就《关于加强县级地区生活垃圾焚烧处理设施建设的指导意见》答记者问,https://news.cctv.com/2022/11/28/ARTIyRvCtZSHsAmfZIyLip91221128
国家发展改革委等部门关于加强县级地区生活垃圾焚烧处理设施建设的指导意见,https://news.cctv.com/2022/11/28/ARTICUycuvtfNAC3GHfWlJ3E221128
为人类实现现代化提供了新的选择（国际社会看中国式现代化）,https://news.cctv.com/2022/11/28/ARTI7lqPNS2rheNUgL1Yv9CS221128
商务部：初步确定12个全国示范智慧商圈、16个全国示范智慧商店,https://news.cctv.com/2022/11/28/ARTInAohJhCH4G2TpI6tlRfI221128
黎家村寨日子美,https://news.cctv.com/2022/11/28/ARTIHMqBBgLlFgeFEbfrzQ5r221128
四川――加强生活物资保障 确保物流渠道畅通,https://news.cctv.com/2022/11/28/ARTIFJXE42AT0kHcItOGMAnh221128
广东――落实科学精准防控 稳定经济发展秩序,https://news.cctv.com/2022/11/28/ARTIca6z41IePOgj28bYOd4N221128
新华时评：“三个坚定不移”是制胜法宝,https://news.cctv.com/2022/11/28/ARTIUyQMc4pAs1UHjQqS5N6a221128
方舱无小事,https://news.cctv.com/2022/11/28/ARTIlYoASIlondDOYpMAStYH221128
尽最大努力为老百姓提供方便,https://news.cctv.com/2022/11/28/ARTIU6Hi34kdMcZyKV6ilJqO221128
将地方红色文化融入高校思政教学,https://news.cctv.com/2022/11/28/ARTIyNOwaXXfNqbtfZ9MJBoi221128
新时代党的创新理论的道理学理哲理,https://news.cctv.com/2022/11/28/ARTIkLHJlfhCIcjlsnzTUsQm221128
魏浩：我国成世界进口贸易增长最主要动力,https://news.cctv.com/2022/11/28/ARTIfofubARWOsfzlF3y1hXt221128
11月28日0-12时，宁波市新增5例确诊病例、13例无症状感染者,https://news.cctv.com/2022/11/28/ARTIIQeEnpS3tKknOTnyBXRl221128
中亚天然气今年向中国西气东输管网输气突破400亿标方,https://news.cctv.com/2022/11/28/ARTIEp2fGon2phQj61kngJH7221128
广东累计建成5G基站超21万座 数量全国第一,https://news.cctv.com/2022/11/28/ARTIFADRiBoF55QAmL5tCFvT221128
27日22时-28日11时，杭州新增1例本土确诊病例、28例无症状感染者,https://news.cctv.com/2022/11/28/ARTIA6Qhg9mqUSxPuMsQWpDt221128
航天新征程 | 积蓄力量勇敢追梦！张陆：逐梦苍穹 只为飞得更高,https://news.cctv.com/2022/11/28/ARTIgYz9GsVuoiH1dO6ZPwTV221128
在希望的田野上丨乡村振兴看小岗 改革精神再出发,https://news.cctv.com/2022/11/28/ARTI4eaLbIQgSfeXiSorSIfh221128
保障寄递网络末端通畅,https://news.cctv.com/2022/11/28/ARTIdclWywA9MGFaP1wDr9XL221128
让群众过上更加幸福美好的生活――党的二十大精神进城乡社区综述,https://news.cctv.com/2022/11/28/ARTI8mwYtS6QCXKg9K3hAbF6221128
我国首个专业货运枢纽机场首条全货运航线开通,https://photo.cctv.com/2022/11/28/PHOAptIaLb2iCr5aCqx2XI33221128
人民日报仲音：科学精准，提高防疫工作的有效性,https://news.cctv.com/2022/11/28/ARTIrgMo0IMOxa9J9KDU1b0e221128
甘肃陇南：高山牧场现云海景观,https://photo.cctv.com/2022/11/28/PHOAWaBBUl1OErCfJQM2eVkR221128
神舟十五号载人飞行任务航天员与记者见面,https://photo.cctv.com/2022/11/28/PHOA9mqgSccHAcooaeivm9jz221128
航天新征程｜邓清明：备战24年终圆飞天梦,https://news.cctv.com/2022/11/28/ARTIUnVeYUaFq6R5hO7M8Nsk221128
航天新征程 | 人生因奋斗而精彩！邓清明：25年 时刻准备接受祖国挑选,https://news.cctv.com/2022/11/28/ARTIDwQD2VEMUXiwoaJsRihZ221128
航天员费俊龙、邓清明、张陆的简历来了！,https://news.cctv.com/2022/11/28/ARTIkQkj0CS56maZgX0sD4Pp221128
工业互联网向县域经济下沉普及 壮大融合产业生态,https://news.cctv.com/2022/11/28/ARTIS18vwX58odTwQMQVPfOA221128
航天新征程 | “中国神箭”45项技术改进 具备两大独特系统,https://news.cctv.com/2022/11/28/ARTIUKmxEFibTZZGlMtXWGnf221128
北京2022年下半年全国大学英语四、六级考试（笔试）延期举行,https://news.cctv.com/2022/11/28/ARTIgQSkDlpNVyXYSsa5F5j5221128
天津11月27日新增695例本土阳性感染者,https://news.cctv.com/2022/11/28/ARTIfawCdt3JgyCIIGpssO6U221128
航天新征程 | 执着不变的初心！费俊龙：再上太空是我毕生追求,https://news.cctv.com/2022/11/28/ARTIEbNlIypBbqImjXFm1KPr221128
辽宁省委主要负责同志职务调整 郝鹏任辽宁省委书记,https://news.cctv.com/2022/11/28/ARTI1jC1dKwoWGDHXg2JQh8h221128
航天新征程 | 科研人员在航天员“座驾”安全性上下足功夫,https://news.cctv.com/2022/11/28/ARTI83O0J89OCrhrIn3IeT2A221128
2023年度国考笔试延期举行,https://news.cctv.com/2022/11/28/ARTIkf7SCFvOihXRhpmce0qc221128
成都地铁：11月28日起，搭乘地铁须持72小时内核酸阴性证明,https://news.cctv.com/2022/11/28/ARTIKe72gJnU3bEConx5BjB5221128
11月29日起，乌鲁木齐市恢复快递物流企业运营,https://news.cctv.com/2022/11/28/ARTIw6awdqS87sTxnSPPJ79D221128
神舟十五号航天员乘组将重点开展六个方面工作,https://news.cctv.com/2022/11/28/ARTI0TsqLRvo2EJKnuhqHBeq221128
我国载人月球探测工程已经具备全面开展工程实施的条件,https://news.cctv.com/2022/11/28/ARTIRXPN9WfycDxub0KP4nLu221128
河南启动低温雨雪冰冻灾害Ⅳ级应急响应,https://news.cctv.com/2022/11/28/ARTILwdCx36M6MVftJcNZquj221128
广西梧州：西江上空云雾缭绕 江边房屋紧密相邻,https://photo.cctv.com/2022/11/28/PHOArKESiotONCYhHGZm5QCy221128
辽宁省委主要负责同志职务调整,https://news.cctv.com/2022/11/28/ARTICOAuF4g7mfdZSTYY4UvP221128
安徽省亳州市委副书记、市长邓真晓接受审查调查,https://news.cctv.com/2022/11/28/ARTIyluk5h1pkGbOfcNbyzqE221128
甘肃敦煌迎来2022年冬季首场降雪 鸣沙山月牙泉景区雪飘如絮,https://photo.cctv.com/2022/11/28/PHOApUAWguBCwq26zDiyFIDO221128
呼伦贝尔：“寒夜光柱”亮相星空 光影绚丽整齐排列,https://photo.cctv.com/2022/11/28/PHOARtxRSLsS6g9E5xLDd6lT221128
中国和新西兰科考人员到达克马德克海沟最深点,https://photo.cctv.com/2022/11/28/PHOAcOmgqMeXsdOmuFdHxjUg221128
我国成功发射遥感三十六号卫星,https://photo.cctv.com/2022/11/28/PHOA3Gfh82xVKa6BAG24lXXA221128
江西11月27日新增本土无症状感染者66例,https://news.cctv.com/2022/11/28/ARTISyrPfeod7Gzh9FeNCuft221128
福建11月27日新增本土确诊病例56例、本土无症状感染者91例,https://news.cctv.com/2022/11/28/ARTIrTIcdy8gqZVyiInqsU0N221128
神舟十五号瞄准11月29日23时08分发射,https://news.cctv.com/2022/11/28/ARTI3HrVqbDZCReFymHoXkDC221128
费俊龙 邓清明 张陆3名航天员将执行神舟十五号载人飞行任务,https://news.cctv.com/2022/11/28/ARTIw8XSY2iRbvmVZFwuzEIJ221128
江苏11月27日新增本土确诊病例30例、本土无症状感染者398例,https://news.cctv.com/2022/11/28/ARTILW5jliDHflnRFs1aoRIy221128
内蒙古11月27日新增本土确诊病例121例、本土无症状感染者444例,https://news.cctv.com/2022/11/28/ARTIvSHB2cfLQgT6TaMf21AC221128
11月27日陕西新增54例本土确诊病例  988例本土无症状感染者,https://news.cctv.com/2022/11/28/ARTI6WHelOdXlrJfjTZNv74Q221128
国家卫健委：昨日新增本土“3748+36304”,https://news.cctv.com/2022/11/28/ARTIfeXqYbD8A9yPoIlPR0mp221128
河南11月27日新增本土确诊病例157例、本土无症状感染者665例,https://news.cctv.com/2022/11/28/ARTIZ6rEGthwipdaBnavOveA221128
吉林省11月27日新增本土确诊病例8例、本土无症状感染者1578例,https://news.cctv.com/2022/11/28/ARTIjgZ8c2LaF9E3ugL3MJTx221128
广东11月27日新增本土确诊病例379例、本土无症状感染者7761例,https://news.cctv.com/2022/11/28/ARTI1hlOT5dBu0Imv4W03uT8221128
湖北11月27日新增本土确诊病例18例、本土无症状感染者665例,https://news.cctv.com/2022/11/28/ARTIqObOKo7g59KeJbUq86XE221128
不可阻挡的步伐――写在中华民族伟大复兴的中国梦提出十周年,https://news.cctv.com/2022/11/28/ARTIfHwI0pe8YUUE5mW52Hk2221128
中央气象台继续发布寒潮橙警，部分地区降温幅度可达18℃以上,https://news.cctv.com/2022/11/28/ARTIFu8hQF47uoBgph5JYzLl221128
黑龙江11月27日新增本土确诊病例54例、本土无症状感染者412例,https://news.cctv.com/2022/11/28/ARTI1AcczlK0C0NoH8EUKqfI221128
辽宁11月27日新增本土确诊病例50例、本土无症状感染者425例,https://news.cctv.com/2022/11/28/ARTIuOuPtSQqWX0j5VPPfmdm221128
重庆11月27日新增本土确诊病例238例、本土无症状感染者9447例,https://news.cctv.com/2022/11/28/ARTIGqjTmq1W8qtR4JFnUqmj221128
河北昨日新增确诊病例40例、无症状感染者949例,https://news.cctv.com/2022/11/28/ARTIg1ngcfRwLWVovFzyw3MN221128
辽宁昨日新增本土阳性感染者475例,https://news.cctv.com/2022/11/28/ARTILoZR8NLr1zubLt9CeGcy221128
北京11月27日新增本土感染者“840+3048”，其中社会面筛查人员474例,https://news.cctv.com/2022/11/28/ARTIQd9xVzoaVPC8YJWyxzfp221128
时政微周刊丨总书记的一周（11月21日―11月27日）,https://news.cctv.com/2022/11/28/ARTIrK4xoa9Pf9QdNQkbk0J7221128
上海这26个区域划为疫情高风险区,https://news.cctv.com/2022/11/28/ARTIYJNUXVLLCrWgQeqkcF2u221128
11月27日上海新增本土新冠肺炎确诊病例16例，新增本土无症状感染者128例,https://news.cctv.com/2022/11/28/ARTI91oIOWFYWqoSgvXX6iZs221128
11月28日起，广州海珠区东部非管控区地铁、公交恢复运营,https://news.cctv.com/2022/11/28/ARTIEFU3a8ZrtjR0em09YD7c221128
广东东莞：倡导市民群众非必要不离莞，尽量减少社交活动,https://news.cctv.com/2022/11/28/ARTIwreQ1fxCmYMSEFLiLJ6C221128
云南11月27日新增省内感染者587例，新增外省入返滇感染者56例,https://news.cctv.com/2022/11/28/ARTI80Kiv1XYjM014IjDDKSt221128
山西11月27日新增本土确诊病例162例、无症状感染者1158例,https://news.cctv.com/2022/11/28/ARTIADBHJA2zVSd686x1z7oq221128
航天新征程｜苍穹之约,https://news.cctv.com/2022/11/28/ARTI1Yya50Ehz0OMfBN8dyTC221128
个人养老金，来了！怎么管好用好养老“钱袋子”？,https://news.cctv.com/2022/11/28/ARTImAs4MPRm4lCmmr4fjCg4221128
新疆克孜勒苏州乌恰县发生4.7级地震 震源深度13千米,https://news.cctv.com/2022/11/28/ARTIlrcJDFbWjnXGFclvcO4v221128
权威解读丨如何保证核酸检测安全？专家解答,https://news.cctv.com/2022/11/28/ARTI3XJ2uOkoGEDnZKV4hlHR221127
严禁采取硬质围挡等措施封堵消防通道、单元门、小区门！北京最新通报,https://news.cctv.com/2022/11/28/ARTIUwhzGGJQMlTDtXIbujCF221128
铁路旅客车票实名制管理新规发布 这些变化需关注,https://news.cctv.com/2022/11/28/ARTIjJ9rtqXfd7D2IZ0yJDJM221128
符合什么条件军人家属可以随军及落户？最新政策意见,https://news.cctv.com/2022/11/28/ARTIz9XYJQQkyMtMZNbke3Ih221128
焦点访谈 | 新征程上 绿色：高质量发展的底色,https://news.cctv.com/2022/11/27/ARTIPrwM8mR9QiO9QjeLkFb0221127
总台海峡时评｜“求和平、求稳定、要过好日子”是岛内主流民意！,https://news.cctv.com/2022/11/27/ARTIyteVb3F6V5HcgUGjAfAu221127
独家视频丨我国成功发射遥感三十六号卫星,https://news.cctv.com/2022/11/27/ARTIoVwHYSjTQETwEdBPn6R3221127
不折不扣落实疫情防控优化措施：抓实抓细疫情防控 不断提升防控工作效率,https://news.cctv.com/2022/11/27/ARTIrK7bTQJRt1abWwxnxmys221127
央视短评：坚定信心 坚决打赢常态化疫情防控攻坚战,https://news.cctv.com/2022/11/27/ARTIqUIoSHXgSIGCgkm35u92221127
权威解读：科学精准有效落实防控优化措施 全力抓好当前疫情处置,https://news.cctv.com/2022/11/27/ARTIKWiPfcQsjGwFafs9aVHN221127
我国专精特新企业增长平稳 重点产业呈现新亮点,https://news.cctv.com/2022/11/27/ARTIQm800FfublSuq1D7ueTI221127
首届“中日友好与历史责任”研讨会召开,https://news.cctv.com/2022/11/27/ARTIab4dOyVeoXzCEDDBCs5x221127
神舟十五号完成发射前全区合练 各系统准备就绪,https://news.cctv.com/2022/11/27/ARTIsklHKALCWRIWFn6MLyL9221127
【新时代新征程新伟业】山东莱阳：传统产业提质增效高质量发展,https://news.cctv.com/2022/11/27/ARTIk4HGNNCfEETQMkGBxwv0221127
【新思想引领新征程】我国现代化高质量综合交通体系加速形成,https://news.cctv.com/2022/11/27/ARTI0SobTsBt50fpz32vIwen221127
2022年10月全国查处违反中央八项规定精神问题7558起,https://news.cctv.com/2022/11/27/ARTIQqAOfv0MjiNbfNuHkfqk221127
我国高压直流输电“变速箱”实现中国制造,https://news.cctv.com/2022/11/27/ARTIQcosii5mWue95vlvFw8r221127
11月27日10-17时，杭州新增18例新冠病毒无症状感染者,https://news.cctv.com/2022/11/27/ARTILhJgr4wtS7TcJCyTJO9x221127
北京：集中隔离期满及治愈出院人员，不得拒绝其进入小区,https://news.cctv.com/2022/11/27/ARTIrpdXwmZ3JV4ZSsOCZifs221127
11月27日0-15时，哈尔滨市新增本土感染者86例,https://news.cctv.com/2022/11/27/ARTI90FgurelpSnNAXdy09e1221127
11月27日0-12时深圳新增31例！倡导市民下周居家办公,https://news.cctv.com/2022/11/27/ARTIwIXm4SGEgNQ5OU6KY8iz221127
中央气象台发布寒潮橙色预警,https://news.cctv.com/2022/11/27/ARTIoObfDUHgeZGydZPEEMoS221127
北京：临时管控时间原则上不超过24小时,https://news.cctv.com/2022/11/27/ARTINpgemlrAoqK0rKXNQqeR221127
赵一德同志任陕西省委书记,https://news.cctv.com/2022/11/27/ARTID2Y5XAia65wKD57SBUUm221127
北京：严禁采取硬质隔离、硬质围挡等措施 严禁封堵消防通道单元门,https://news.cctv.com/2022/11/27/ARTIOJhW7RBv6rixjZwvgFV4221127
北京朝阳区11月27日0-15时新增468例感染者 含54例社会面,https://news.cctv.com/2022/11/27/ARTI6cUn4Cws0S7HCbwaP5eO221127
北京新增本土感染者1781例 详情公布,https://news.cctv.com/2022/11/27/ARTImcyOnY2iSDUXF4W3rQDq221127
北京11月27日0-15时新增1781例本土感染者,https://news.cctv.com/2022/11/27/ARTI2XK19dNhoILIdl3cZvP9221127
11月27日0时至15时，北京新增本土新冠肺炎病毒感染者1781例,https://news.cctv.com/2022/11/27/ARTILJbNI7N8HFGS0mtKPq7Z221127
北京：确诊病例数、社会面病例数增速尚无缓解趋势 波及街乡范围扩大,https://news.cctv.com/2022/11/27/ARTIrUD7docd5kZNmgJjpMEa221127
航天新征程 | 选良辰 给“神箭”最温暖的陪伴,https://news.cctv.com/2022/11/27/ARTIzmdAr1mXLNXZguZaPGra221127
航天新征程 | 无缝接力 全力护航神舟任务,https://news.cctv.com/2022/11/27/ARTIgCAv8iGei0CqilBtVRaX221127
"爆冷！超20省份将遭寒潮速冻 全国冰冻线进程图看你家何时被\""冻\""",https://news.cctv.com/2022/11/27/ARTIdywQ6WazIFoohFjuzFaN221127
探寻中国式现代化之路丨把塞罕坝“打包”进行李箱,https://news.cctv.com/2022/11/27/ARTInEpUk6uzEGJzx9RnAfDN221127
习言道丨拉美学者谈古巴领导人访华：中国助拉美“前所未有”地增长,https://news.cctv.com/2022/11/27/ARTIT1WQ9ErtueFqggavPu1r221127
时习之 敢于有梦 习近平这样描绘中国梦,https://news.cctv.com/2022/11/27/ARTIdTI3l40bQd5WGparDh4a221127
陕西省委主要负责同志职务调整,https://news.cctv.com/2022/11/27/ARTIwcAJ3U2cySx7fReQ4fGJ221127
用好疫情发生后的黄金24小时 专家详解如何做到早和快,https://news.cctv.com/2022/11/27/ARTIbgpj5vNO1W2AHCJjvqrU221127
“亮舰”！80秒，多型艘主战舰艇“齐聚”,https://news.cctv.com/2022/11/27/ARTIhF4uW14T5mHXqEcVD5vM221127
风险区开展核酸检测 这些细节要注意把握,https://news.cctv.com/2022/11/27/ARTI8HGXbMLXcsfKYaHnqPOw221127
中央气象台：将发布寒潮最高等级的橙色预警 大部降温10~16℃,https://news.cctv.com/2022/11/27/ARTIWgSHKtw0A42CFD7kO8M9221127
国家卫健委：截至11月26日累计报告接种新冠病毒疫苗344324.0万剂次,https://news.cctv.com/2022/11/27/ARTItKRwXGf1JCCJe314NkWf221127
新时代 新征程 新伟业 | 今日好光景 从“忧居”到“优居”,https://news.cctv.com/2022/11/27/ARTIMeIYFpxjcNQQrECwViEO221127
新时代 新征程 新伟业 | “粮”亭会 增收致富“新打法”,https://news.cctv.com/2022/11/27/ARTIvWQumabzn66IW9h0HQV0221127
新时代 新征程 新伟业 | 为“宝宝屋”点赞 家门口的小幸福,https://news.cctv.com/2022/11/27/ARTIzcYEUKx6ZYv9nEEWTt8A221127
重庆南岸一街道办公室发生爆炸？警方：谣言,https://news.cctv.com/2022/11/27/ARTIrTozQFBIoyfh8rzOdsPq221127
加大税收支持力度 外商来华投资兴业意愿较强,https://news.cctv.com/2022/11/27/ARTIurUTuVFfHCYOLsAsLWjQ221127
航天新征程 | 准备就绪 静待神舟十五号乘组出征太空,https://news.cctv.com/2022/11/27/ARTIgAmZwCc7RXMJXUsW0HxF221127
11月27日0-12时，济南新增本土确诊11例、本土无症状96例,https://news.cctv.com/2022/11/27/ARTIvqbVBSWE7fyySeiNjkK5221127
我国首个国际先进技术应用推进中心成立,https://news.cctv.com/2022/11/27/ARTIWIZSzxROflUTLy4Vw2bt221127
个人养老金可享受税收优惠政策 养老投资产品避免频繁赎回,https://news.cctv.com/2022/11/27/ARTIcH6EkfwPmg5WWYasIt0W221127
超1.5万户新办出口退税企业享受容缺办理便利,https://news.cctv.com/2022/11/27/ARTIkiEGMdiG7qZlu5Hq757Z221127
32.2%！装备制造业全部八个大类行业利润均提高,https://news.cctv.com/2022/11/27/ARTIALmFYJCn5L7BXhuzjaTl221127
【新时代新征程新伟业】小平台学出大效能,https://news.cctv.com/2022/11/27/ARTIFQ0NLkG6UGfl6tXihpYV221127
党建激活“微治理”,https://news.cctv.com/2022/11/27/ARTI5DmcB7LGwP1xlyJn0EsX221127
11月26日22时-27日10时，杭州新增29例新冠病毒无症状感染者,https://news.cctv.com/2022/11/27/ARTIQmIWzq68pF015VpndMld221127
宁夏银川金凤区划定10个高风险区,https://news.cctv.com/2022/11/27/ARTIpz0q505te5isrQcYVSeK221127
山西大学光电研究所所长张靖：培养更多创新人才,https://news.cctv.com/2022/11/27/ARTIgYfpERoWClNbwoOv4tl6221127
热火朝天建设忙,https://news.cctv.com/2022/11/27/ARTIHYiwJPpKkGZycpqkUtg6221127
把为民服务落到实处,https://news.cctv.com/2022/11/27/ARTIityi2zxQunnFFE0fsngj221127
在乡村振兴中显身手,https://news.cctv.com/2022/11/27/ARTIJYnNRhYDjPVzlQ0GhwJZ221127
新华时评・新时代新征程新伟业丨用家常话讲明白大道理,https://news.cctv.com/2022/11/27/ARTIrYlzAhmhKve7OYq1yRdl221127
为世界提供更多合作机遇,https://news.cctv.com/2022/11/27/ARTIcPUmLGnlUFtbNBEm3Aap221127
重庆：确保物资价稳量足 切实做好民生服务,https://news.cctv.com/2022/11/27/ARTIzP11COO96Cv2BurYUhSP221127
北京：畅通物流配送环节 保障群众生活所需,https://news.cctv.com/2022/11/27/ARTIHq4emMPUPr9Bw9G4OnE3221127
农民种粮积极性高 冬小麦面积稳中有增,https://news.cctv.com/2022/11/27/ARTIwaHw2yclF9sykne3rm28221127
食用菌实现多元化种植 助力农户致富增收,https://news.cctv.com/2022/11/27/ARTIwqhvUWmrns37cclxtgeV221127
铁皮西红柿成村民“致富果” 线上线下销售忙,https://news.cctv.com/2022/11/27/ARTIzTh9S3ibD8AG6gsBTSSD221127
柑橘迎丰收 鼓起农民“钱袋子”,https://news.cctv.com/2022/11/27/ARTIuNpCVlJEA0nMQtBQzYeY221127
生态环境改善 候鸟南下越冬栖息有了新去处,https://news.cctv.com/2022/11/27/ARTIhVkfPmfqmU59q8GABljZ221127
菜子湖国家湿地设置湖边投食区 满足多种类候鸟觅食,https://news.cctv.com/2022/11/27/ARTI4rB5zbNULZeqn28RydRV221127
白塔湖湿地迎来大批越冬候鸟 生物多样性不断丰富,https://news.cctv.com/2022/11/27/ARTIh0RbvLFfnh9AlaZYMtcm221127
高油“双低”油菜品种助力农户选用良种 保障“油瓶子”安全,https://news.cctv.com/2022/11/27/ARTI3zs9hkwSw3nO9rPt3e9s221127
同舟共济，同心抗疫,https://news.cctv.com/2022/11/27/ARTIxJRFq8LfMh9fWjIF6cuP221127
推动亚太地区实现包容和可持续增长,https://news.cctv.com/2022/11/27/ARTIqk9LOTAzSeg4co7BVfNk221127
人民日报仲音：坚定信心，抓实抓细疫情防控各项工作,https://news.cctv.com/2022/11/27/ARTIqc2H6dXwF6pKgNEXTmjS221127
在法治轨道上全面建设社会主义现代化国家――在深刻领会新时代10年伟大变革中贯彻落实党的二十大精神之法治篇,https://news.cctv.com/2022/11/27/ARTIR1uyFNZZ6vB9OvV3a6QX221127
乌鲁木齐28日起逐步有序恢复铁路、民航和城市公共交通,https://news.cctv.com/2022/11/27/ARTIwiqSiCAy9WS8Q4yey5A0221127
130吨级重复使用火箭发动机核心关键技术取得突破,https://news.cctv.com/2022/11/27/ARTIQnlb8n22Is9aHP4Z6Q7w221127
把人民放心上 把使命扛肩上 科学精准防控疫情,https://news.cctv.com/2022/11/27/ARTIUMFP5TkaGNoYUK9ugidV221127
强化重点机构、人群保护 织牢疫情防控网,https://news.cctv.com/2022/11/27/ARTIBlCpiSSj0K3hTJfT6o7Y221127
打通“最后一公里”！二十条优化措施指导各地更有温度做好疫情防控,https://news.cctv.com/2022/11/27/ARTIoCGyv4TEtjyWmE5wwazI221127
国管局发文推动提高国有资产管理效能,https://news.cctv.com/2022/11/27/ARTI416RePUNO5LcTWu0iN04221127
个性化服务加速冰雪经济发展 培育扩大内需新引擎,https://news.cctv.com/2022/11/27/ARTIiX7BSm7a1zeOCVYI92UH221127
新疆库尔勒市全面有序恢复正常生产生活秩序,https://news.cctv.com/2022/11/27/ARTINyCrOc2wvDVR0zbJV2ih221127
社区教育“能者为师” 满足全龄学习需求,https://news.cctv.com/2022/11/27/ARTIANPpR5xt324G8WHseojd221127
“智慧助老”助力老年人跨越“数字鸿沟”,https://news.cctv.com/2022/11/27/ARTIAyavAC4hgWRJ7azHFCaT221127
国家统计局解读：1―10月份工业企业利润结构继续改善,https://news.cctv.com/2022/11/27/ARTIQxvBgbw8BAW3dyZPj1K7221127
国家统计局：1―10月份全国规模以上工业企业利润下降3.0%,https://news.cctv.com/2022/11/27/ARTIof10IjQM3L7aq0xz7zDg221127
新疆石河子市11月27日起全面有序恢复正常生产生活秩序,https://news.cctv.com/2022/11/27/ARTIK7yisBsctULt68wP7DEX221127
以开放合作迎上新材料产业新风口,https://news.cctv.com/2022/11/27/ARTI46Tw23sV7VWtD738mZmY221127
重庆市11月26日新增本土确诊病例194例、本土无症状感染者8667例,https://news.cctv.com/2022/11/27/ARTIeuwoRsmFePAOvHYAe0Vv221127
黄强在成都疫情防控工作会议上强调  毫不动摇坚持“三个坚定不移” 坚定信心决心全力遏制疫情蔓延上升势头,https://news.cctv.com/2022/11/27/ARTInEyqNiaNbdCP8wO8lfGW221127
四川省11月26日新增省内感染者1312例 其中确诊病例100例,https://news.cctv.com/2022/11/27/ARTIyiHTu8lDxhF38NYSub21221127
2022中国红色旅游博览会在韶山举行,https://news.cctv.com/2022/11/27/ARTI75TMbChOen2gLEBTWsQS221127
守土有责守土尽责落实好各项措施 坚决筑牢疫情防控和安全生产防线,https://news.cctv.com/2022/11/27/ARTIlrrOvA9bkyYI33SolXy5221127
推动党的二十大精神进基层全覆盖 团结带领城乡群众开创美好新生活,https://news.cctv.com/2022/11/27/ARTIB5UWgoZuDetZ3AM4govZ221127
陕西11月26日新增51例本土确诊病例、902例本土无症状感染者,https://news.cctv.com/2022/11/27/ARTI6t0QTCqc5bdOu0JNegkg221127
学习贯彻市委十二届二次全会精神,https://news.cctv.com/2022/11/27/ARTI76rBnyhGD0i59Rp2B9cX221127
市政府党组召开会议,https://news.cctv.com/2022/11/27/ARTImzijx6Ak1LlXOBAEZ9yH221127
国家卫健委：11月26日新增本土确诊病例3648例、本土无症状感染者35858例,https://news.cctv.com/2022/11/27/ARTImQYCGX6wRfLFe1yqDFue221127
贵州省政协副主席、党组副书记周建琨接受调查,https://news.cctv.com/2022/11/27/ARTI8UG55gqrFlAoowTVAUe0221127
河南省11月26日新增本土确诊病例169例、本土无症状感染者799例,https://news.cctv.com/2022/11/27/ARTILuVR8uMIsbaMzbmH3VPQ221127
广东省11月26日新增本土确诊病例328例、本土无症状感染者7705例,https://news.cctv.com/2022/11/27/ARTIpvl8qFVNwVuf82e3og1w221127
“小粒种”破解杂交水稻产业化之困,https://news.cctv.com/2022/11/27/ARTIOppwcauMsM6HLT0Ppx4g221127
金融举措靠前发力 全力推动经济回稳向上,https://news.cctv.com/2022/11/27/ARTImD3fvQbELtTNbWQqpDTH221127
确保“菜篮子”拎得稳：我国加强重要农产品生产供应,https://news.cctv.com/2022/11/27/ARTI6jGUdj218FPfcwACGgTE221127
引资量质齐升 市场引力强劲,https://news.cctv.com/2022/11/27/ARTIzqekyotxO4TH72C9EPM0221127
鼓励社会各界参与医保基金监管（政策解读）,https://news.cctv.com/2022/11/27/ARTIOYZ26wC1LRovSqfQdNlk221127
截至10月底全国累计发电装机容量约25亿千瓦,https://news.cctv.com/2022/11/27/ARTIvGnAc8AhkPgZMYxankMS221127
国台办发言人就台湾地区“九合一”选举结果答记者问,https://news.cctv.com/2022/11/26/ARTI4f590nPfdXol3XS824Gf221126
台湾地区所谓“18岁公民权修宪复决公投”闯关失败,https://news.cctv.com/2022/11/26/ARTIo3VGJyLGyXH6WhxkoqnP221126
台湾地区“九合一”选举结果揭晓,https://news.cctv.com/2022/11/26/ARTIywet2AEYWp2mHEJOJi9q221126
过人、进球、小王子……范扬笔下世界杯,https://news.cctv.com/2022/11/26/ARTIFWwLbBwkTzdfJi53uZim221126
焦点访谈：新征程上 从“有”到“优” 品质生活,https://news.cctv.com/2022/11/26/ARTIF3nC90VtwcTxjUhRh5X2221126
蔡英文宣布辞去民进党主席职务,https://news.cctv.com/2022/11/26/ARTIdKFykn5TcBvVergHOs3Q221126
我国首台130吨级重复使用液氧煤油补燃循环发动机试车成功,https://news.cctv.com/2022/11/26/ARTItz2uY8cL30TmCcDGr1lS221126
航天新征程｜王亚平：把梦想绘入辽阔星河,https://news.cctv.com/2022/11/26/ARTIIrJAnFXnVqlXJR6schlB221126
一场城市之约，《央young之城》解锁烟台这座让世界微醺的中国之城,https://news.cctv.com/2022/11/26/ARTIC7sxkrMH6VHGzvPrCIoS221126
探寻中国式现代化之路丨文物大battle，一键三连解锁“古代App”,https://news.cctv.com/2022/11/26/ARTIaMUN1Bn5uVXLDKVioY3z221126
新华时评：抗疫，每个人都是自己健康的第一责任人,https://news.cctv.com/2022/11/26/ARTIdABl0AitUoXtSqBF1aIo221126
新时代新征程新伟业丨“时间银行”里的“银龄”互助,https://news.cctv.com/2022/11/26/ARTIHhpJQqPhHfLAvaBDar8y221126
不折不扣落实疫情防控优化措施：强化重点机构重点人群保护 织牢疫情防控网,https://news.cctv.com/2022/11/26/ARTI98I1QEXZcLTvwQliW3zG221126
权威解读：科学精准有效做好疫情防控工作 以快制快遏制疫情扩散蔓延,https://news.cctv.com/2022/11/26/ARTISA8eAFYx2vdhYBaS573s221126
中联部向非洲国家政党宣介二十大精神,https://news.cctv.com/2022/11/26/ARTI2oOrOlACRSSJ4Rvj8Ptc221126
各地推进田间管理 确保小麦安全越冬,https://news.cctv.com/2022/11/26/ARTI11egyrYbNQQzAVf7Rb1n221126
国家航天局发布我国深空探测任务规划,https://news.cctv.com/2022/11/26/ARTIT9x1xvdnevrScvgPW6JE221126
【新时代新征程新伟业】浙江：鸡鸣山社区探索基层治理新实践,https://news.cctv.com/2022/11/26/ARTIqnj8eIRHfqxDItGL3jSx221126
【新思想引领新征程】装备制造不断突破 筑牢实体经济根基,https://news.cctv.com/2022/11/26/ARTIeF7vltcXlo1LRwx3Ge0a221126
中央气象台发布寒潮黄色预警 今冬以来最强寒潮将横扫30余省份,https://news.cctv.com/2022/11/26/ARTI08YI19G3BQNB7MdfeNBD221126
跨省异地就医直接结算累计突破5000万人次,https://news.cctv.com/2022/11/26/ARTIX4B50FeySISw6YFGZtPX221126
百年古船“穿越”归来,https://news.cctv.com/2022/11/26/ARTI8Q551XufCpcuJafYxyuX221126
追忆“七一勋章”获得者瞿独伊：独“伊”无二的她 这样为党奋斗一生,https://news.cctv.com/2022/11/26/ARTIXqoBgwJEWhETzAnILULQ221126
重庆加强生活物资供应保障工作 要求超市、便利店等“应开尽开”,https://news.cctv.com/2022/11/26/ARTIqb7jCqFqjKeFZeLLGVmZ221126
柴达木盆地13个国省控地表水断面水质达标率为100%,https://news.cctv.com/2022/11/26/ARTIieZo1mjBEUYRL5xK2O0D221126
今日10-17时，浙江杭州新增12例无症状感染者,https://news.cctv.com/2022/11/26/ARTIYcVo2PSCxrFf0qOIhLjl221126
t望・治国理政纪事丨让一泓清水入黄河,https://news.cctv.com/2022/11/26/ARTI6qRcGFIdbuAIYLSeRjah221126
海外网评：中古关系是社会主义国家团结合作的典范,https://news.cctv.com/2022/11/26/ARTI7Fy0fmF6RpuktwRIBuKc221126
黑龙江多地降雪 各部门积极应对保出行安全,https://news.cctv.com/2022/11/26/ARTIaES8Z6bofhiVahGTVK8A221126
上海本土疫情经基因测序，主要由奥密克戎变异株及新的变异亚型引起,https://news.cctv.com/2022/11/26/ARTIWctLbSMO6vc8bGBFsVBP221126
上海全市常态化核酸检测点免费检测服务延长至12月31日,https://news.cctv.com/2022/11/26/ARTIVRedSWFFHpy06deAg2bq221126
【草原牧区行・甘肃篇⑥】碌曲尕秀村――一个“寻常”的创业故事,https://news.cctv.com/2022/11/26/ARTI7TkGYUMDv3812pVmVgxS221126
合力攻坚，尽快遏制疫情扩散蔓延,https://news.cctv.com/2022/11/26/ARTI9ms7mRihA8NmZYiAnf0d221126
京唐京滨城际铁路开始全线运行试验,https://news.cctv.com/2022/11/26/ARTI4DUn8S84UP6sQpajN6ro221126
人社部公布一批拖欠农民工工资失信联合惩戒对象名单,https://news.cctv.com/2022/11/26/ARTIqOkx82PqmP19jbWvCOla221126
央行的这一举措将保持流动性合理充裕和货币信贷合理增长,https://news.cctv.com/2022/11/26/ARTInml5vE7Rws5969RYQNea221126
国家卫健委：累计报告接种新冠病毒疫苗344311.4万剂次,https://news.cctv.com/2022/11/26/ARTIxLS5Lh8bEiRcQWNqWtM1221126
《航天新征程｜摘星星的妈妈回来了》,https://news.cctv.com/2022/11/26/ARTIVodJLG4ipo4gAxNd6gl7221126
学习100丨人类的前途命运应该由世界各国人民来把握和决定,https://news.cctv.com/2022/11/26/ARTI8ozb2gaWZLwO15sWKW9M221126
航天新征程｜神舟十四号乘组：中国空间站等你来出差！,https://news.cctv.com/2022/11/26/ARTISGXjz7OVEUq9xXZm9paz221126
上合示范区一站式公共服务平台上线启用,https://news.cctv.com/2022/11/26/ARTIRSMjLySCQpAUOsqNqltg221126
《复兴文库》在天府书展上首发,https://news.cctv.com/2022/11/26/ARTIOfS0HuWsZSu8MHCFAFyK221126
北京市多措并举提高水资源利用效率 着力保障首都水安全,https://news.cctv.com/2022/11/26/ARTIvoQFAc17LtSZ4B1xIBt8221126
10月我国货物和服务贸易进出口规模同比增长5%,https://news.cctv.com/2022/11/26/ARTIjsxry5HNxA4FNRAmVlJr221126
多家银行已可开立个人养老金资金账户,https://news.cctv.com/2022/11/26/ARTIP1nieGpHaUdZI6brKxyk221126
带您数读《2022中国海洋经济发展指数》,https://news.cctv.com/2022/11/26/ARTIFC2yAB9kknjhcgeAvBQt221126
济南：11月26日0时至12时，新增本土感染者“5+107”,https://news.cctv.com/2022/11/26/ARTIPIAQ5V4FDh0Pqu0Exvfi221126
央行宣布全面降准0.25个百分点 货币政策仍保持稳健基调不变,https://news.cctv.com/2022/11/26/ARTII4cqspMsq7crlJvbd5yG221126
走开放包容之路,https://news.cctv.com/2022/11/26/ARTIu4S6rSSRVQzX1TXx8jtT221126
我国粮食主产区推广优质专用小麦 持续提质优化种植结构,https://news.cctv.com/2022/11/26/ARTILsGykZ6BFRl9QfcNcSRA221126
加强冬小麦越冬田间管理 夯实丰收基础,https://news.cctv.com/2022/11/26/ARTIGFTf4vb4BZ3zuFpzapEF221126
锚定目标不放松――广东打响疫情防控歼灭战,https://news.cctv.com/2022/11/26/ARTIEsm3b2ms2g09QuXpz4Yy221126
北京分秒必争加固疫情防线 坚决打赢疫情防控阻击战,https://news.cctv.com/2022/11/26/ARTIozsh6aMHpDJEUyA0rQpd221126
为了山城人民生命健康――重庆坚决打赢疫情歼灭战综述,https://news.cctv.com/2022/11/26/ARTI6YZGgKn5FybXHP73tKzQ221126
航天新征程｜杨利伟：中国空间站时代脚步越来越近,https://news.cctv.com/2022/11/26/ARTI6f20Ruf0dLCNK8EcohET221126
我国粮食生产进展顺利 “米袋子”“油瓶子”稳产保供,https://news.cctv.com/2022/11/26/ARTImdwrMmt65u2AolQOakHZ221126
我国粮食生产进展顺利 预计今年冬油菜面积将稳定在1亿亩以上,https://news.cctv.com/2022/11/26/ARTISqbMet6rQ3EvBtd6mCU1221126
我国粮食生产进展顺利 今年冬小麦播种呈现四大亮点,https://news.cctv.com/2022/11/26/ARTIPdMsnWhCzxyvw8dbOt0G221126
我国粮食生产进展顺利 全国秋粮收获超过98%,https://news.cctv.com/2022/11/26/ARTI3vaQTsHxpXNAdcm6NouM221126
小小木耳迎丰收 村民致富增收添信心,https://news.cctv.com/2022/11/26/ARTIRMBAQ5MBLHgsRnXU67ea221126
河北秦皇岛铁皮西红柿成熟 深受青睐成村民“致富果”,https://news.cctv.com/2022/11/26/ARTIRKHJvMEwY8rcNVoUrEwe221126
河南安阳开展无人机飞防作业 确保小麦安全越冬,https://news.cctv.com/2022/11/26/ARTIHKkgFOJqsRc1Xa1UoYq7221126
11月26日0-10时，杭州新增1例本土确诊病例、28例无症状感染者,https://news.cctv.com/2022/11/26/ARTI20LusnN1THSeldRoGv22221126
首届中国（四川）国际熊猫消费节活动启动仪式举行 黄强宣布活动启动,https://news.cctv.com/2022/11/26/ARTID7eHNujb1XECdMqCB53G221126
省委常委会召开会议,https://news.cctv.com/2022/11/26/ARTIZt9PAhzv9NAvmC0KlKnV221126
外交部驻港公署发言人：特区司法公义不容任何外部势力置喙,https://news.cctv.com/2022/11/26/ARTI8ira9fKDNPG7o1DsgWIH221126
中共湖南省委十二届三次全体会议在长沙召开 用党的二十大精神统一思想明确方向凝聚力量 为全面建设社会主义现代化新湖南而团结奋斗 省委常委会主持 张庆伟讲话 毛伟明作有关说明 听取和讨论省委常委会工作报告 审议通过《中共湖南省委关于深入学习宣传贯彻党的二十大精神 为全面建设社会主义现代化新湖南而团结奋斗的决定》《中国共产党湖南省第十二届委员会第三次全体会议决议》,https://news.cctv.com/2022/11/26/ARTIbXinqQQ9XfBJaipiI9Ox221126
省委常委会召开议军会议  扛牢党管武装政治责任 持续提升党管武装工作质效,https://news.cctv.com/2022/11/26/ARTIY6NqD6NhSN8NLsJLZEBr221126
省委常委会召开会议  传达学习习近平总书记关于做好安全生产工作重要指示精神,https://news.cctv.com/2022/11/26/ARTIwDG5bvJ6XYtgTX4YTZa4221126
省委理论学习中心组深入学习贯彻党的二十大精神  学出绝对忠诚 学出使命担当 学出为民情怀 坚定不移把党的二十大决策部署落到实处 王蒙徽主持并讲话 王忠林孙伟出席,https://news.cctv.com/2022/11/26/ARTIyrT076DsQ0cUzbWEOhTS221126
2022中国航空产业大会暨南昌飞行大会开幕 叶建春宣布开幕 葛晓飞贺东风出席 赵越让致辞,https://news.cctv.com/2022/11/26/ARTISigX16BaZf7hxqGsrPdL221126
我省与中国商飞签署深化合作协议 易炼红叶建春会见贺东风赵越让一行,https://news.cctv.com/2022/11/26/ARTI7gtglXXfu0b0Xd4iaZPL221126
赏璀璨星空 玉龙雪山迎来最佳观星季,https://news.cctv.com/2022/11/26/ARTIKqYOoNlfrv8DU2OxNEMf221126
青海海西冷湖追星 “净空”探寻奥秘宇宙,https://news.cctv.com/2022/11/26/ARTIqHFA04OD3qxEX566HANm221126
全面学习把握落实党的二十大精神 紧跟总书记奋进新征程建功新时代  省委十一届四次全体会议在肥召开 省委常委会主持 郑栅洁讲话 王清宪出席 唐良智列席 全会审议通过了《中共安徽省委关于深入贯彻落实党的二十大精神 奋力谱写现代化美好安徽建设新篇章的决定》《中国共产党安徽省第十一届委员会第四次全体会议决议》,https://news.cctv.com/2022/11/26/ARTIfuvLtLsr3Izmp46JLQor221126
袁家军主持召开十五届省委全面深化改革委员会第三次会议 发挥改革“关键一招”作用 为中国式现代化的浙江实践提供强劲动力 王浩黄建发出席,https://news.cctv.com/2022/11/26/ARTII6r3Wud71jx95yTD99ra221126
十年磨一剑！中国“飞鲨”高飞远航,https://news.cctv.com/2022/11/26/ARTI6jHXi69ypntIVZ9YnqXt221126
许勤在哈尔滨调研检查安全生产和疫情防控工作时强调 深入落实习近平总书记重要指示精神 从严从细抓好安全生产和疫情防控工作,https://news.cctv.com/2022/11/26/ARTIuVQRRC3ZnhJrZammTMRv221126
张国清主持召开各民主党派省委会、省工商联负责人座谈会 深入学习宣传贯彻中共二十大精神 推动新时代我省多党合作事业健康发展,https://news.cctv.com/2022/11/26/ARTIyC3MXML925MPzlXidN5G221126
加快大湾区建设 多项工程取得新进展,https://news.cctv.com/2022/11/26/ARTIoILsDVIjsEOLWRg2sA6F221126
形成鼓励出国留学与建设人才高地的良性循环,https://news.cctv.com/2022/11/26/ARTI0VgPFpPBj3tNyjFUNjZy221126
发挥政策聚合作用，加力提振工业经济,https://news.cctv.com/2022/11/26/ARTIQomUrZSdgFtjZ5mrS6PS221126
国家铁路运输货物1095.6万吨 环比增长0.46%,https://news.cctv.com/2022/11/26/ARTIGetnbc9ELbUiMcVkcJFU221126
“最美退役军人”刘谊：你心里有群众，群众心里才有你,https://news.cctv.com/2022/11/26/ARTI7t9humdSpzqts0GfDOQF221126
新排长写给烈士父亲：来到你的老部队，走你未走完的路,https://news.cctv.com/2022/11/26/ARTImDYVMdsxVGmqSrIedG30221126
潋滟水光 澎湃激情――《艺术里的奥林匹克》带您领略《大运河赛船》中的威尼斯风光,https://news.cctv.com/2022/11/26/ARTIlOFLydq7XJb1XRg8EO00221126
激发专精特新企业创新活力（政策解读）,https://news.cctv.com/2022/11/26/ARTIQXFmemsec78CYZTXPkv1221126
埃塞中企：扎根非洲 造福一方,https://news.cctv.com/2022/11/26/ARTIUmTvHi9exCzGHXkhyAye221126
雨水到 笋尖冒 江西上饶竹笋产业助民增收,https://news.cctv.com/2022/11/26/ARTITgRWin775SSo8O0evsAI221126
广西全区气象干旱进一步缓解 瓜果蔬菜久旱逢甘霖,https://news.cctv.com/2022/11/26/ARTIvkAUpaFcFF434VudtueA221126
个人养老金制度在36地启动实施 数个关键问题答疑来了！,https://news.cctv.com/2022/11/26/ARTINNc65aqejSnzincaA7Fy221126
看！这些“金点子”成呵护民生“金钥匙”,https://news.cctv.com/2022/11/26/ARTIorbkxU0E0EOLRzZGbRiY221126
国务院：同意在粤对符合条件的港澳机动车实行免担保政策,https://news.cctv.com/2022/11/26/ARTISyt4GIgGcOHuD4aDUwEN221126
乌鲁木齐将分阶段有序恢复低风险区居民生活秩序,https://news.cctv.com/2022/11/26/ARTItYrznpgEA5DsiMSqjaUd221126
11月25日陕西新增39例本土确诊病例 新增818例本土无症状感染者,https://news.cctv.com/2022/11/26/ARTIiiTeQb2Vi5QRHlcGAMfB221126
【新时代 新征程 新伟业】福建宁德坦洋村：发展茶产业 当好领头羊,https://news.cctv.com/2022/11/26/ARTILbVqA6kFSMTdtgC9Dv3g221126
南昌飞行大会开幕 上演多场特技飞行表演,https://news.cctv.com/2022/11/26/ARTIyMvR6fRPlWIPP9JB17ym221126
2022中国海洋经济博览会举行 海洋“大国重器”集中亮相,https://news.cctv.com/2022/11/26/ARTIvHI2p97R3f6ZS99x6OOW221126
湖南11月25日新增本土确诊病例29例、本土无症状感染者275例,https://news.cctv.com/2022/11/26/ARTIkxyyHvKbaJPBJIV2HQMM221126
福建11月25日新增本土确诊病例45例、本土无症状感染者62例,https://news.cctv.com/2022/11/26/ARTIBHISiIQO6IIVIaWueGOE221126
内蒙古11月25日新增本土确诊病例116例、本土无症状感染者415例,https://news.cctv.com/2022/11/26/ARTIwyJu3xyGj41PDN7kO1N3221126
国家卫健委：昨日新增本土3405+31504,https://news.cctv.com/2022/11/26/ARTIme0YE3BfuWnvR1vBW8Cs221126
个人养老金落地“开闸”：先行城市有哪些？如何购买？能减多少税？,https://news.cctv.com/2022/11/26/ARTIReN9bMoFPbKqWsSAJuIf221126
美丽乡村路 助力乡村兴,https://news.cctv.com/2022/11/26/ARTIwuKBVcfijxsOFj24ewsb221126
新时代新征程新伟业・二十大精神在基层 | 接过红旗渠精神“接力棒”踏上新征程,https://news.cctv.com/2022/11/26/ARTI9aKzUnAoksR8WwpT6NUQ221126
把有意义的事情讲得有意思（新时代新征程新伟业・二十大代表这样带头干）,https://news.cctv.com/2022/11/26/ARTIulHs3PpSZXOlsaRDYeby221126
开辟发展新领域新赛道 塑造发展新动能新优势――在深刻领会新时代10年伟大变革中贯彻落实党的二十大精神之创新篇,https://news.cctv.com/2022/11/26/ARTIK6zRGHQrrJfrgDzrNPLu221126
阿佤山铺展兴边富民新图景（新时代新征程新伟业）,https://news.cctv.com/2022/11/26/ARTIi3e3ZkCWxAuNxymw1RO4221126
合力攻坚，尽快遏制疫情扩散蔓延,https://news.cctv.com/2022/11/26/ARTIpUp3dZVjN14kCUgPZfJy221126
新华时评：落实落细，凝聚起抗击疫情的强大合力,https://news.cctv.com/2022/11/26/ARTIBrs2FjqbpVVL5h8a5YIx221126
自然资源部：保障能源资源供应安全 做好采矿用地保障,https://news.cctv.com/2022/11/26/ARTIQW31KrEhz24J2UHU2EoO221126
同比增长5%！10月 我国涉外经济活动保持活跃,https://news.cctv.com/2022/11/26/ARTIbYeCUrFjZJ1xJhjdCQBf221126
探寻中国式现代化之路丨为什么它跨越万里来宠你？,https://news.cctv.com/2022/11/26/ARTIXoPafUTGAr7RZ6UWOC0V221126
【8点见】泰国杀妻抛尸案二审宣判,https://news.cctv.com/2022/11/26/ARTIdWLoEtw4pt7VQCNhdZU0221126
北京分秒必争加固疫情防线 坚决打赢疫情防控阻击战,https://news.cctv.com/2022/11/26/ARTI7147MCgKI62cd1dbppeu221126
激发专精特新企业创新活力（政策解读）,https://news.cctv.com/2022/11/26/ARTIWSP0cNtnhtdwUJ4nBcoX221126
27个省会城市规模划分：2个超大、10个特大，杭州超南京,https://news.cctv.com/2022/11/26/ARTI8qDXQJG4fLpev8rpWbVW221126
跨境电商综合试验区再扩围,https://news.cctv.com/2022/11/26/ARTI0rZZ5T7UfPJijs8cLPH3221126
中国多地法院作出人身安全保护令的数量和比例明显提高,https://news.cctv.com/2022/11/26/ARTI3G6xhXJcHx0ArzSJP7rT221126
2022“农民喜爱的百种图书”发布,https://news.cctv.com/2022/11/25/ARTIXyDh7zGV45xfA4bPZxmP221125
同向同行同在，点亮理想之灯,https://news.cctv.com/2022/11/25/ARTIyOKPNkMFirY1NndiPGkK221125
2022“把青春华章写在祖国大地上”大思政课网络主题宣传和互动引导活动举行,https://news.cctv.com/2022/11/25/ARTIOo8NnYEDcQgTGmxVCcRW221125
焦点访谈：新征程上 科教兴国还需人才支撑,https://news.cctv.com/2022/11/25/ARTIWJNoiErt6666t22E1ACF221125
中华人民共和国和古巴共和国关于深化新时代中古关系的联合声明（全文）,https://news.cctv.com/2022/11/25/ARTIqiHb0ZxatFDltuEUnZPZ221125
习近平就所罗门群岛遭受地震灾害向所罗门群岛总督武纳吉致慰问电,https://news.cctv.com/2022/11/25/ARTIlLqIPWbJzcy7Jq4pGxwh221125
意大利汉学家毕罗：《兰亭集序》为何在太空“出圈”？,https://news.cctv.com/2022/11/25/ARTIorVF8F6fibwHdk51Pl7B221125
习近平举行仪式欢迎古共中央第一书记、古巴国家主席访华,https://news.cctv.com/2022/11/25/ARTIH2Dv3g1bU456L4lt9JZK221125
中消协发布“双11”消费维权报告 这些企业被点名,https://news.cctv.com/2022/11/25/ARTIhhKPGrW1fqJRfB0CMDMD221125
不折不扣落实疫情防控优化措施：有序推进新冠疫苗接种 筑牢疫情防控屏障,https://news.cctv.com/2022/11/25/ARTIOP38cpw7IjQNlOd1rj9j221125
“课堂＋基地”：外国留学生爱上中华文化,https://news.cctv.com/2022/11/25/ARTIM4YUgUftwjFuzCIGOF9o221125
新华全媒+｜千余家海内外展商亮相“中国海洋第一展”,https://news.cctv.com/2022/11/25/ARTIgA7Dl54CSkRhirNJTobe221125
国务院同意在广东省暂时调整实施有关行政法规规定,https://news.cctv.com/2022/11/25/ARTIVa9nmmFHsLVoW2V359fy221125
强观察丨填补空白 这部蓝皮书聚焦未成年人保护发展,https://news.cctv.com/2022/11/25/ARTIQa6EYYEljEL1CwpfYx7S221125
36个先行城市和地区启动实施个人养老金制度,https://news.cctv.com/2022/11/25/ARTIDAHXl4BjWdml8GAY5YNT221125
科普：“长新冠” 知多少,https://news.cctv.com/2022/11/25/ARTI94l8B0SpMt9JTHYh5XlJ221125
【新时代新征程新伟业】广西朵努社区：就业有保障 好日子有奔头,https://news.cctv.com/2022/11/25/ARTI39JZLg3bwxjmTyy2lCVE221125
悲喜世界杯 妙笔范扬画,https://news.cctv.com/2022/11/25/ARTI59qTRUzSqUnBd9CYRE9l221125
国家铁路局解读《铁路旅客车票实名制管理办法》：强化车票实名制管理，切实保障旅客运输安全,https://news.cctv.com/2022/11/25/ARTIcfBMnkQvQtEOE0kP5YUf221125
习近平就所罗门群岛遭受地震灾害向所罗门群岛总督致慰问电 李克强向所罗门群岛总理致慰问电,https://news.cctv.com/2022/11/25/ARTIR5YNLIq8cYADqDMm9cVB221125
习近平同古巴共产党中央委员会第一书记、古巴国家主席举行会谈,https://news.cctv.com/2022/11/25/ARTImG9rVlKaZUP7xJ863Tb1221125
多地开展隔离点消防安全检查：重点查看疏散通道等是否畅通,https://news.cctv.com/2022/11/25/ARTIQobXvBKPTtkhqMiBLCpM221125
