乌克兰首都或将疏散居民前往郊区！基辅市长发声,https://news.cctv.com/2022/11/29/ARTI7S9KvsiUTSRTtuo0Q1wv221129
世界最大活火山开始喷发 美国升级警戒级别至“警告”,https://news.cctv.com/2022/11/29/ARTIlFATirtyIHtkF9tcBY2V221129
世界卫生组织发表声明 建议重新命名猴痘,https://news.cctv.com/2022/11/29/ARTII4L66A0flFw97VLEQNNr221129
巴黎奥运会门票预售将从12月1日开始,https://news.cctv.com/2022/11/29/ARTIT5TDQsuxibaiRkZU1Y3R221128
助力共建“一带一路”走深走实（侨界关注）,https://news.cctv.com/2022/11/28/ARTIAPKI7FcW0F4PVEZTj0rR221128
美媒：美国暴力活动横行 9个国家发布旅行警告,https://news.cctv.com/2022/11/28/ARTIKZRXJefjBXHqHYtDkiB9221128
高通胀拖累欧洲经济（经济透视）,https://news.cctv.com/2022/11/28/ARTIASmCSNhCmdRryvVRQRNQ221128
美国一飞机撞上输电塔 导致附近城镇断电,https://photo.cctv.com/2022/11/28/PHOAA1ocQR4dzzZN86pxY44l221128
日本又一广告巨头因涉及东京奥运会竞标舞弊案遭搜查,https://news.cctv.com/2022/11/28/ARTIARKAtrqO45WETQGG9kFD221128
委内瑞拉：挑战最多情侣跳舞记录,https://photo.cctv.com/2022/11/28/PHOAUNv0hmSU0JWaoii2hFxj221128
日媒：日本首相岸田内阁支持率降至37％，创上台后新低,https://news.cctv.com/2022/11/28/ARTIIa8DSgm8Xye877H0aVBv221128
中国驻乌克兰大使馆提醒在乌中国公民及时做好应急储备,https://news.cctv.com/2022/11/28/ARTItUS6Gfl64t8UaASz72vO221128
德国弗伦斯堡日出时分宛若油画世界,https://photo.cctv.com/2022/11/28/PHOA48iuAgA4blHWYNojyGmJ221128
加沙：巴勒斯坦妇女海港边放飞橙色气球 呼吁反对针对女性的暴力,https://photo.cctv.com/2022/11/28/PHOAn6adZe0622zmONPQtIoc221128
卢卡申科：波兰导弹事件发生时没有俄导弹从白波边境飞过,https://news.cctv.com/2022/11/28/ARTIhujVkUQLjnysZHjcHdrz221128
又一“章鱼保罗”？卡塔尔骆驼“沙因”成世界杯预言家,https://news.cctv.com/2022/11/28/ARTIY3aF9QjBXYv7fQ5UDOS8221128
不得用自来水洗车！这一国家宣布实施“限水令”,https://news.cctv.com/2022/11/28/ARTIp7EXXG9QUwICouTEqDnX221128
乌克兰弹药“消耗惊人”，北约多国库存告急,https://news.cctv.com/2022/11/28/ARTITcOkJdzlwi2RssxMh7HE221128
美国新冠疫情蔓延 专家警告冬季或有疫情新高峰,https://news.cctv.com/2022/11/27/ARTIuoDIeF19DS0cLu5MJrv8221127
“互利共赢是各方的正确选择”,https://news.cctv.com/2022/11/27/ARTI4DHoctA6Pl9LtgOAGvUT221127
记者手记：高通胀给美国“黑色星期五”蒙上阴影,https://news.cctv.com/2022/11/27/ARTIvxdxgz0o11KnuecXIphB221127
委内瑞拉西北部洪水致逾5000户居民受灾,https://news.cctv.com/2022/11/27/ARTIV44bDcOK1vSFsa7ctFaP221127
德国总理继续坚持在年底禁运俄罗斯石油,https://news.cctv.com/2022/11/27/ARTI7pObZbG0RD72GzukJ3yf221127
土总统府：土耳其无需任何人许可来确保安全,https://news.cctv.com/2022/11/27/ARTI6xJSvamyoAtCqfTw4xhu221127
德国将协调提供1500万欧元加大支持乌克兰粮食出口力度,https://news.cctv.com/2022/11/27/ARTIcRxCYx3TBYaB9hvhaEF9221127
巴基斯坦安全部队展开反恐行动 打死9名恐怖分子,https://news.cctv.com/2022/11/27/ARTI2p3LVuVLNJ7OAkTgNUYg221127
土耳其称其反恐行动将从境外开始确保国土安全,https://news.cctv.com/2022/11/27/ARTIgPBGhwH3hzefcmgUY3TZ221127
日本东电将重启对福岛第一核电站1号机组内部调查,https://news.cctv.com/2022/11/27/ARTIE5b4wmp265vAtDhgbCek221127
伊朗最高领袖：谈判不能解决伊朗与美国间的问题,https://news.cctv.com/2022/11/26/ARTIeLzktJJA851UPmv3ryLz221126
中国对美国违反世贸组织原则的产业补贴和出口管制措施表达严重关切,https://news.cctv.com/2022/11/26/ARTIsTrrfbhm4A9oNObbW54R221126
印尼西爪哇省地震死亡人数上升至318人,https://news.cctv.com/2022/11/26/ARTIVM1aUGYpd58H3Atu2voD221126
马斯克计划下周启用新版推特认证 使用金、灰、蓝三色,https://news.cctv.com/2022/11/26/ARTItlRTsiIyZECf8LQRGabm221126
联合国秘书长：让暴力侵害妇女和女孩行为变成历史,https://news.cctv.com/2022/11/26/ARTIBzBntSZx2CdVzyS9Mvk5221126
摩洛哥西部发生交通事故 致20人受伤,https://news.cctv.com/2022/11/26/ARTIlRKoznlxot59g0VcBsLB221126
联合国秘书长：让暴力侵害妇女和女孩行为变成历史,https://news.cctv.com/2022/11/26/ARTIMsaxh9UIG7ttwdsngeRY221126
科学家“复活”48500年前的病毒,https://news.cctv.com/2022/11/26/ARTIXFVJh3GuCQ3vWUqslUAb221126
秘鲁新内阁宣誓就职,https://news.cctv.com/2022/11/26/ARTIvpy21v2TYTimf08eUeKT221126
“中国必将为亚太地区发展带来更大机遇”,https://news.cctv.com/2022/11/26/ARTIWa7SG7vfFxUaFNQFPKKW221126
北约秘书长：北约人员未在乌境内开展工作,https://news.cctv.com/2022/11/26/ARTIILq2nFq468OIva9XOFB9221126
马拉维副总统因涉嫌腐败被捕,https://news.cctv.com/2022/11/26/ARTI4GNKzJv49SHbX8YvmFDX221126
维护全球气候正义  提振气候治理雄心（和音）,https://news.cctv.com/2022/11/26/ARTI7XmoHrEQaCVCrE20CaHQ221126
卡塔尔世界杯何以钟情中国新能源客车？,https://news.cctv.com/2022/11/26/ARTIJ3EhooTVAGK4YSf7pPV0221126
巴西两所学校接连发生枪击事件 已致3死13伤,https://news.cctv.com/2022/11/26/ARTICZzmcTAVvmBxPZgnPMyk221126
尼日利亚数个村庄遇袭致15人死亡,https://news.cctv.com/2022/11/26/ARTIRBeGiZw0fWiU01sNOHj6221126
欧盟设限“气价”难解能源困局,https://news.cctv.com/2022/11/26/ARTIlUCpC9BbdyZfqe5IYN3L221126
美国驻叙利亚军事基地遭导弹袭击,https://news.cctv.com/2022/11/26/ARTI4uGS5dxfDRjDHiZF17B9221126
美国“猎户座”飞船进入远距离逆行环月轨道,https://news.cctv.com/2022/11/26/ARTIBIdt3zkF49qp78clNmBH221126
德法签署能源团结声明,https://news.cctv.com/2022/11/26/ARTIn7zzBrbWt66ETfBs70oM221126
集安组织成员国外长发表联合声明,https://news.cctv.com/2022/11/26/ARTIFqwLrgIcNmap6VeOUvhK221126
巴西两所学校发生枪击事件 已造成3死13伤,https://news.cctv.com/2022/11/26/ARTIRmWbpbMWUrN5j50BzrZb221126
哈萨克斯坦总统托卡耶夫将对俄罗斯和法国进行正式访问,https://news.cctv.com/2022/11/26/ARTIaRn6EeotWywLQxqgdhqt221126
秘鲁总统接受部长会议主席辞呈并将重组内阁,https://news.cctv.com/2022/11/26/ARTI4Kk2RfbIywJNUK6ZUImU221126
日本现役宇航员负责的科研项目被曝涉嫌数据造假,https://news.cctv.com/2022/11/26/ARTIkN4pkEuIJPDPzppdEQ5d221126
法德将协调一致推动实施跨国企业最低税率,https://news.cctv.com/2022/11/26/ARTI6Ks3bnGhiL0Z6hP9vbDk221126
印尼西爪哇省地震死亡人数升至310人,https://news.cctv.com/2022/11/26/ARTIX26mOjyvKq4t9sZzEW5G221126
【国际漫评】“威胁论”要这么用,https://news.cctv.com/2022/11/25/ARTIeg47bG0SMiI32MVBwqK5221125
古巴媒体：两国领导人为古中关系不断注入新活力,https://news.cctv.com/2022/11/25/ARTIw5gw8tyJoD0DQbQtJpy8221125
首尔梨泰院洞踩踏事故追责 韩国在野党要求总统解职行政安全部长,https://news.cctv.com/2022/11/25/ARTIlzjSHRFx015WRVZ3BmXa221125
国际消除对妇女暴力日到来 危地马拉民众悼念被杀害妇女,https://photo.cctv.com/2022/11/25/PHOAjUGI61Zav1G9SO0hJY8O221125
世界银行前经济学家：中国正引领全球经济发展,https://news.cctv.com/2022/11/25/ARTIm4jv8fGy18nhtrA623ZD221125
日本仙台高等法院判决东电向福岛县部分居民赔偿2.79亿日元,https://news.cctv.com/2022/11/25/ARTIRvcNCuUMWn0P8fIDzkFl221125
新型超导双量子比特处理器问世,https://news.cctv.com/2022/11/25/ARTIT3Mw7qk7G401w7iUJZ1p221125
国际最新研发出鸟型无人机 城市森林等密集环境可急转弯避障,https://news.cctv.com/2022/11/25/ARTIzZZD3vgBaz1hHyC9naFx221125
专访：中古友好历久弥坚――访中国驻古巴大使马辉,https://news.cctv.com/2022/11/25/ARTIvmevB3u4Ol6Mnombgzqy221125
美企图在乌使用生物武器？俄方：已掌握证据,https://news.cctv.com/2022/11/25/ARTIjGIW9FoT0SV2FoB2Uapv221125
美国两名男孩买过节杂货后在家门外遭枪杀 嫌犯在逃,https://news.cctv.com/2022/11/25/ARTIx2r91FG1UaHxaZWJPlfM221125
巴黎：走进圣诞市场,https://photo.cctv.com/2022/11/25/PHOAVdkukpNBAaeckvhtIz70221125
漫评美借欧洲能源危机坐享渔利：真是“好朋友”,https://news.cctv.com/2022/11/25/ARTIH2LO2mhm23yIWaMBfWNo221125
维护南海和平稳定是地区国家共同愿望（钟声）,https://news.cctv.com/2022/11/25/ARTIKeNuzsqTmizUwQjq2P2T221125
为人类实现现代化提供了新的选择（国际论坛・读懂中国・读懂中国共产党）,https://news.cctv.com/2022/11/25/ARTIDQp0XKGSzgiMNl88VhU4221125
“为世界经济复苏作出更大贡献”,https://news.cctv.com/2022/11/25/ARTIF42RldK5zj47nDVGrKzv221125
坦桑尼亚北部一学校宿舍发生火灾 造成3死29伤,https://news.cctv.com/2022/11/25/ARTIKSavf1zdr27xldVDuWJS221125
东京奥组委和业界公司串通投标 日本检方对相关公司强制搜查,https://news.cctv.com/2022/11/25/ARTIiVdG0OIDEYENXVr2Ga8W221125
首尔开通自动驾驶巴士线路,https://photo.cctv.com/2022/11/25/PHOAgza8iAvE10MPPZJszWfE221125
美国纽约举行感恩节大游行,https://photo.cctv.com/2022/11/25/PHOAbtXCtTVFGKlJ5n6P0iNw221125
因存在漏油隐患 福特召回超63.4万辆汽车,https://news.cctv.com/2022/11/25/ARTIR3bu6GObw3pqdNGwD87Q221125
马斯克：推特将从下周起恢复被封禁的账户,https://news.cctv.com/2022/11/25/ARTIRUSl0dh9EDYVvEOEH2Bb221125
两名中国公民在意大利罗马遇害，中使馆：高度关注此案，强烈谴责这种凶残的犯罪行为,https://news.cctv.com/2022/11/25/ARTIawtHikyyGs9vyqqh0ysg221125
普京：目前无需为特别军事行动采取额外措施,https://news.cctv.com/2022/11/25/ARTIcsdFI190tDYPEn06xJ5b221125
被动漫改变的日本足球,https://news.cctv.com/2022/11/25/ARTIo7RsTc17d3K697PV34Er221125
担忧经济增势减弱 多国央行欲放缓加息步伐,https://news.cctv.com/2022/11/25/ARTIqnmrP3CT0stFR8ZuRHrV221125
外交部提醒中国公民近期暂勿前往索马里,https://news.cctv.com/2022/11/24/ARTIZe6xVPBYHiWblK8LpDL7221124
印尼举办传统奔牛比赛 骑手泥地中驰骋,https://photo.cctv.com/2022/11/24/PHOA35lPN6YyPZY9CGA9DiXu221124
德国举办“魔石水晶”展览 展示13世纪早期物品,https://photo.cctv.com/2022/11/24/PHOAwCtnSgkrpJu8bWNDfW4K221124
德国圣诞集市开幕 夜晚灯火通明,https://photo.cctv.com/2022/11/24/PHOAl49qSla0WOGmzYdW5TD7221124
岸田文雄谈日本足球队赢德国 日本网民：怎么不放假？,https://news.cctv.com/2022/11/24/ARTImWSsEe8Jsob3eSxlfIy7221124
荷兰拒绝照搬美国对华禁令,https://news.cctv.com/2022/11/24/ARTIFCCKmIoPG0T87YqEopiC221124
乌总统泽连斯基称全境建“无敌中心” 为长时间停电准备,https://news.cctv.com/2022/11/24/ARTI7YXoQirNxSQAfazcCdeP221124
特朗普猛烈抨击最高法院涉其税表的裁决：他们真可耻！,https://news.cctv.com/2022/11/24/ARTIYpMb9jMpz0m0k9LTIX9i221124
德媒：越来越多德国年轻人爱当公务员,https://news.cctv.com/2022/11/24/ARTIIdHcMlwYTzF2OwPbH3d9221124
英最高法院：未经英政府同意 苏格兰不得举行独立公投,https://news.cctv.com/2022/11/24/ARTISqy2GOhGRPzmFbHlNHsU221124
今年全美近4万人死于枪支暴力 控枪沦为空谈？,https://news.cctv.com/2022/11/24/ARTIWTe5kERtjmF0a6WwtArl221124
土耳其发生5.9级地震,https://photo.cctv.com/2022/11/24/PHOA16Bv3PSz2Rr8wGU6CyJD221124
世界杯：日本大批球迷街头狂欢 庆祝球队战胜德国,https://photo.cctv.com/2022/11/24/PHOAVjkXZqkF4pFZEdloZRQA221124
英国最高法院：未经英政府授权苏格兰不得举行独立公投,https://news.cctv.com/2022/11/24/ARTIE0aAAI4LRZuBrBqekXgk221124
“黑五”将至 英国提醒消费者谨防假打折、真诈骗,https://news.cctv.com/2022/11/24/ARTIr9fTkX7Kqlm3RLmqw7pa221124
美科技企业现裁员潮,https://news.cctv.com/2022/11/23/ARTIIkUVHg5jrvO1D7TKAoQi221123
“兵马俑大使”走红日本,https://photo.cctv.com/2022/11/23/PHOA7QSJY4OuzPYsNW65OfRF221123
韩国国会启动“梨泰院踩踏事件”国政调查,https://news.cctv.com/2022/11/23/ARTIgCHvIHkvMeE6wvIhcx0Y221123
推动更加普惠的全球发展,https://news.cctv.com/2022/11/23/ARTITt487dhp3JaUo8uT7ei4221123
委内瑞拉加拉加斯暴雨过后 天空出现一道彩虹,https://photo.cctv.com/2022/11/23/PHOApJGGMJO4A7ozFtzz78x2221123
孟加拉农民绕圈摆放收获睡莲 置身其中好似穿上大摆晚礼服,https://photo.cctv.com/2022/11/23/PHOAbzxesv69hzzYcVFXAUtk221123
波兰总统被“假马克龙”骗聊7分钟,https://news.cctv.com/2022/11/23/ARTITyZG9ffkDhM2umzHVbOB221123
黎巴嫩庆祝独立日,https://photo.cctv.com/2022/11/23/PHOAMFMd5rUD38KVygo7rF40221123
非洲智库学者：美联储激进加息进一步削弱非洲复苏前景,https://news.cctv.com/2022/11/23/ARTIwiWEbXZZHvWYaVxt9biq221123
美媒：高通胀让美国人圣诞不敢花钱,https://news.cctv.com/2022/11/23/ARTI2Xwzpzciu0vfEhjzE4cU221123
中国元素闪亮世界杯（卡塔尔世界杯特别报道）,https://news.cctv.com/2022/11/23/ARTIjdSNDnBTZS29g9JuITES221123
巴西总统博索纳罗对败选结果提申诉 称部分计票应无效,https://news.cctv.com/2022/11/23/ARTIAEjveVkVf8QIOXRgkQnl221123
个人电脑市场滑坡 惠普再启大裁员：3年裁员超4000人,https://news.cctv.com/2022/11/23/ARTIVlUX4R6VKK0nd22fRGwq221123
涉“2.5亿美元欺诈”案庭审日期确定 特朗普或出庭自辩,https://news.cctv.com/2022/11/23/ARTIXMdaEoFOrQmV00mmqumu221123
1个月3名内阁大臣解职 岸田文雄：有时感到“孤独难过”,https://news.cctv.com/2022/11/23/ARTIZ6eA73I8wZCpdYwrosER221123
“家暴假”后 澳大利亚工会正推动月经假、更年期假立法,https://news.cctv.com/2022/11/23/ARTIytSYDgOA6ar0ZWSRlIsv221123
外媒：马斯克财富过去1年缩水近1/3 日均损失3亿美元,https://news.cctv.com/2022/11/23/ARTIIE4ZHgVTXPPi9qQKBXR5221123
智利：维利亚里卡火山显示活跃迹象,https://photo.cctv.com/2022/11/23/PHOAR1knGgIT38PoRkuTDVEF221123
泰国南部一警察公寓遭炸弹袭击,https://photo.cctv.com/2022/11/23/PHOANjl66vwE3uJxw6LVA9a1221123
俄“雅库特”号核动力破冰船下水,https://photo.cctv.com/2022/11/23/PHOAgPPHOz1nxdKiI9GeUJqi221123
日本爱知县冬樱花盛开 樱花与红叶同框相遇,https://photo.cctv.com/2022/11/23/PHOAiPCcCkaiW3gkgHUy6toJ221123
布基纳法索发生袭击事件 造成至少14人死亡,https://news.cctv.com/2022/11/23/ARTIVwfmwzUlsrtUlmyNeF2e221123
泰国南部警察公寓遭炸弹袭击事件受伤人数升至37人,https://news.cctv.com/2022/11/23/ARTIPEfiHgJoJCpwxARC0iL8221123
小国办大赛 卡塔尔“扩容”有方,https://news.cctv.com/2022/11/23/ARTIMkBLlLh0x0REE71g4nk2221123
墨西哥西北部发生6.2级地震,https://news.cctv.com/2022/11/23/ARTI8h6RsxpljMbdcfizMJpN221123
印尼西爪哇省5.6级地震致死人数升至268人 总统佐科表哀悼,https://news.cctv.com/2022/11/23/ARTIjBP7iIvKC1gyzHG7MhKo221123
泰国南部一警察公寓遭汽车炸弹袭击致一死数十伤,https://news.cctv.com/2022/11/23/ARTIKv3su8qROKbHDOKdOpEt221123
韩外交部：国际社会要严格监督福岛核污水排海,https://news.cctv.com/2022/11/23/ARTI2amXCtjoU0uks06bNSDr221123
俄罗斯和古巴领导人重申继续发展和加强双边关系,https://news.cctv.com/2022/11/23/ARTILRpaf6uO3QOklh5qg6a1221123
马来西亚新首相依然难产 国家元首召见各党领袖,https://news.cctv.com/2022/11/23/ARTIDUtNvlLDtQmZPL1oihwh221123
泰国南部汽车爆炸事件致1死36伤,https://news.cctv.com/2022/11/23/ARTIxjCXQ1k6kepCYHf7Hf6m221123
俄罗斯“雅库特”号核动力破冰船下水,https://news.cctv.com/2022/11/23/ARTIfTGh9h0Q5MNNoaLC50hg221123
现场直击：印尼地震灾区营救工作正加紧进行,https://news.cctv.com/2022/11/23/ARTIohFwEazEwH6iJJstI9bj221123
日本紧急批准首款日本产新冠口服药,https://news.cctv.com/2022/11/22/ARTIOCnCNokC1HamVFdRAMLl221122
伊朗扩大生产丰度为60%的浓缩铀,https://news.cctv.com/2022/11/22/ARTI6trbo0K2vQGqfvDMLcwW221122
经合组织预测全球经济2023年增长2.2%,https://news.cctv.com/2022/11/22/ARTIYvqOM8dMC8A8vqXHq4JW221122
印尼国家灾害管理局：西爪哇省地震死亡人数升至268人,https://news.cctv.com/2022/11/22/ARTIFCaFVj4qFslVpKfdG3ZU221122
美媒：全美铁路工人大罢工威胁再起 或对美国经济造成重大削弱,https://news.cctv.com/2022/11/22/ARTIitEhVnsn0mFZTBJWbbMK221122
全球连线丨托斯卡纳乡间响起“中国风”旋律,https://news.cctv.com/2022/11/22/ARTI4YW8PubZnTXtJwcE5seq221122
全球连线 | 英国牛津大学专家：创新体系为中国发展注入新动力,https://news.cctv.com/2022/11/22/ARTILlTIQte7jbefXA6ZA9VX221122
泰南警察公寓遭炸弹袭击事件已致1死31伤,https://news.cctv.com/2022/11/22/ARTI1jIrMpoOs8CiXZaKYXrM221122
日本全国渔业协会联合会：对核污水排海的反对立场没有改变,https://news.cctv.com/2022/11/22/ARTIBB2quxnrpoVu4YM2Yhlx221122
外媒：印尼西爪哇地震死亡人数上升至252人,https://news.cctv.com/2022/11/22/ARTIoLTErd5n9jcNavWBfnR7221122
科威特举办航展 英国皇家空军空中表演,https://photo.cctv.com/2022/11/22/PHOABOjnaSyo0Egdce4tSo1q221122
土耳其防长：不反对瑞典芬兰加入北约 但两国应履行此前协议,https://news.cctv.com/2022/11/22/ARTIS5Ku6s9bYrGSyXc4RXdD221122
漫评|雅万高铁：连通中印尼互利共赢“幸福桥”,https://news.cctv.com/2022/11/22/ARTIw69vjkmM7c8sy2kT3MIa221122
哈萨克斯坦总统就职仪式将于11月26日举行,https://news.cctv.com/2022/11/22/ARTI9xqiUvLpNtSjNBQgjid7221122
魏凤和与美国国防部长会谈,https://news.cctv.com/2022/11/22/ARTIiVidawNRiQ76CA1dDB6E221122
韩国政府拟制定特别法案，为梨泰院踩踏事故遗属和伤者提供正当赔偿,https://news.cctv.com/2022/11/22/ARTIFr3KFlSzMXDcNkuaNN5g221122
美国“猎户座”飞船飞越月球,https://news.cctv.com/2022/11/22/ARTIjoTXKnYXjc458ybMBDEJ221122
为何近20年东亚沙尘暴活动减弱？原因揭示→,https://news.cctv.com/2022/11/22/ARTIkdak2SgqiM332S5lG0JP221122
从8个关键词领悟习近平在APEC系列会议上提出的“中国主张”,https://news.cctv.com/2022/11/22/ARTIRAnku7UaRr3MAFImO3Qy221122
中国同周边国家共建“一带一路”成果实打实、沉甸甸（环球热点）,https://news.cctv.com/2022/11/22/ARTIEkeUsUQk8WlDvVvKqPBh221122
指明亚太命运共同体建设未来路径,https://news.cctv.com/2022/11/22/ARTId2wBPiFy4TZSNoISzFie221122
国际舞台上展现大国胸怀与担当,https://news.cctv.com/2022/11/22/ARTII2NqSjymKynn8bbq2NMv221122
做全球发展的参与者推动者,https://news.cctv.com/2022/11/22/ARTI4uhDLzqelIUdWV92zjoO221122
外交部发言人：中方支持国际原子能机构及技术工作组就福岛核污染水处置问题开展工作,https://news.cctv.com/2022/11/22/ARTIPDxXnIXfcUYlTJfdli1z221122
美国会大厦骚乱案1名参与者遭8项指控 6项罪名成立,https://news.cctv.com/2022/11/22/ARTI7vUQIRoI9tOBpUEhSEz7221122
中国航天发展为开展更广泛、更深层的国际合作提供更多可能,https://news.cctv.com/2022/11/22/ARTIiVvrBxEnM103fHn0Dxzt221122
卡塔尔世界杯周边商品七成“义乌造”,https://news.cctv.com/2022/11/22/ARTIGb0soOlX7oxrsRoy6oaM221122
俄各界看好中国“新时代新征程”,https://news.cctv.com/2022/11/22/ARTIc4cBJQiHXl5AIMJO9cLn221122
构建亚太命运共同体 习近平在历次APEC会议上阐明“合作”重要意义,https://news.cctv.com/2022/11/22/ARTI5rHacUqKVLpF6RDs0jmQ221122
俄副总理：不会向实行石油限价的国家供油,https://news.cctv.com/2022/11/22/ARTIMzxCKn3NELNasxKdoUp9221122
中方呼吁朝鲜半岛问题有关各方全力推动政治解决问题,https://news.cctv.com/2022/11/22/ARTIhyvNKfdQCga22BfFQD1l221122
所罗门群岛发生7.0级地震，震源深度10千米,https://news.cctv.com/2022/11/22/ARTIbpJLxJgLhsR0D4BDhZ3y221122
意大利加埃塔圣诞彩灯如梦如幻,https://photo.cctv.com/2022/11/22/PHOA1m20vRy8N9OODZtgHoPf221122
美国“猎户座”飞船抵达月球,https://photo.cctv.com/2022/11/22/PHOAq3noh3aSCsXG9SjtYhdy221122
俄远东地区希韦卢奇火山高度活跃,https://photo.cctv.com/2022/11/22/PHOA7g4QNYXOsGPn72akW0BC221122
印尼西爪哇省地震死亡人数升至162人,https://photo.cctv.com/2022/11/22/PHOAFTz5ocaOIqdp0XzzSV2i221122
印尼地震已致162人死亡 当地官员称遇难者大多是儿童,https://news.cctv.com/2022/11/22/ARTIbhjIcF2EDyFEBCo47q12221122
25万人集会，差评率61%的尹锡悦遭遇新危机,https://news.cctv.com/2022/11/22/ARTIMLHjaL6oVDQoWO5KCMqq221122
阿尔及利亚与捷克签署能源和矿产领域合作意向书,https://news.cctv.com/2022/11/22/ARTIlTUrtbWbRmO7nOur3Kai221122
沙特称“欧佩克+”石油减产计划将持续至2023年年底,https://news.cctv.com/2022/11/22/ARTI0ZGNrrZaqfSvbLFjyfMq221122
哥伦比亚一小飞机失事 机上8人全部死亡,https://news.cctv.com/2022/11/22/ARTIpGGt0hNENqPknXaYUDLZ221122
阿富汗首都喀布尔第4警区发生爆炸 2人死亡,https://news.cctv.com/2022/11/22/ARTI1Isx344hrU7Xz4u9hpcu221122
越南一学校发生集体食物中毒事件 已致1人死亡,https://news.cctv.com/2022/11/22/ARTID36CeGJMQSOysnLHPud9221122
以色列央行再加息 基准利率创10年来最高纪录,https://news.cctv.com/2022/11/22/ARTIjEJeH3WRgFAqtZSfsuDF221122
印尼西爪哇省地震死亡人数升至162人,https://news.cctv.com/2022/11/22/ARTIOfEDtgUY1CzIwM64KVxN221122
美国总统拜登宣布纽约州进入紧急状态,https://news.cctv.com/2022/11/22/ARTIYj3ktv2NGL224EfI36KV221122
西方在卡塔尔世界杯问题上搞“双标”遭批评,https://news.cctv.com/2022/11/21/ARTIud0h2GUOsUKwNPBZBA3h221121
专访：美联储加息负面效应外溢――访美国知名投资家瑞・达利欧,https://news.cctv.com/2022/11/21/ARTIrodqGieJkp92NBRjx9sP221121
全球连线 | 一个中企项目，给这个巴西贫困村带来巨变,https://news.cctv.com/2022/11/21/ARTIboV7DxS08gSjJAwPsqgw221121
通讯：助力粮食增产增收――中国与国际玉米小麦改良中心的双赢合作,https://news.cctv.com/2022/11/21/ARTIT2T7KDBdmLO5OwEp31Dz221121
随笔：联合国气变大会传递重要信息,https://news.cctv.com/2022/11/21/ARTIdXKGYCiSfYlmsKCs4wfB221121
环球网评：为亚太发展繁荣贡献“中国力量”,https://news.cctv.com/2022/11/21/ARTIlOfk8DlDwJ2rkCO4kGW7221121
博茨瓦纳：长颈鹿嘴巴喷出水雾 身旁牛椋鸟有幸获“淋浴”,https://photo.cctv.com/2022/11/21/PHOAotvYmwLof0onGJQ0szC8221121
美媒：多方比价、缩减开支，美国这个假期购物季有点冷,https://news.cctv.com/2022/11/21/ARTIN6mf3awUl7tRRaLN0eXN221121
泰媒：泰方期待借APEC会议深化对华合作,https://news.cctv.com/2022/11/21/ARTIcoQb4msYbIBOQ8C0rtEv221121
墨西哥记者探访中共一大会址：“中国今天伟大成就的起步之地”,https://news.cctv.com/2022/11/21/ARTISAgduuNLWGa9ENp8X6BQ221121
推动更加包容的全球发展,https://news.cctv.com/2022/11/21/ARTIMuRyLP4hKTMpYZ2olz6g221121
NASA官员：2030年前宇航员或将能在月球上持续活动,https://news.cctv.com/2022/11/21/ARTIQT9ZU8isDo3uqa75RnV4221121
世行集团前首席经济学家文章：美国应该反思对华“经济战”,https://news.cctv.com/2022/11/21/ARTILj6VT5mYHx2X0HZ6rk3L221121
以色列与卡塔尔开通世界杯临时直航,https://news.cctv.com/2022/11/21/ARTIi57zdZbs1z774EPn7E9R221121
北约将集结5艘航母联合演习,https://news.cctv.com/2022/11/21/ARTIquynZtiO5JDjwqIdgMsZ221121
为亚太合作指明方向 习近平主席这样说,https://news.cctv.com/2022/11/21/ARTIUS1c4vPgjK1zSgNW91nx221121
日企高管：“排除中国的”供应链不现实,https://news.cctv.com/2022/11/21/ARTI9eQjp22tZUbnTeRmAoUn221121
巴黎：香榭丽舍大街点灯 缩时节能,https://photo.cctv.com/2022/11/21/PHOAQVYSS21HvJKSWrX0C9h3221121
开创亚太合作共赢新篇章,https://news.cctv.com/2022/11/21/ARTIPgFgtn7fpQrBhYMjZFS7221121
“泰中友好关系必将更上一层楼”,https://news.cctv.com/2022/11/21/ARTIv6oeVhRkKQywoWQF1NbU221121
积极参与应对气候变化全球治理――中国的绿色实践“行动胜于雄辩”（国际论道）,https://news.cctv.com/2022/11/21/ARTIyuH4ZQqIAwR3QVCJsS1S221121
习近平为开启亚太合作新篇章指明方向,https://news.cctv.com/2022/11/21/ARTIc7ORiP7XL0ezea5xfxRP221121
最新民调显示韩国总统尹锡悦支持率为33.4%,https://news.cctv.com/2022/11/21/ARTIs0de9LhdQPTcGovFBlmh221121
东南亚侨胞与中医药的不解之缘（侨界关注）,https://news.cctv.com/2022/11/21/ARTIQgkIHDeZ6CJTG6yetYxV221121
中国新能源客车将成为卡塔尔世界杯交通主力,https://news.cctv.com/2022/11/21/ARTIoyvAIOoUaDN83ZCQeKGz221121
接连曝出“政治与金钱”问题 日本总务相提交辞呈,https://news.cctv.com/2022/11/21/ARTIBqcrtASvxKeIw78Ahuu2221121
习言道丨习近平这趟出访，三个场景意味深远,https://news.cctv.com/2022/11/21/ARTI1WizN5qiTWTAcJoQ8fpx221121
高清大图 | 开辟中泰关系新时代,https://news.cctv.com/2022/11/21/ARTIdLlOa9H9UuBqzhImPGAm221121
日本严厉打击网络“性引诱”，正考虑对该行为定刑,https://news.cctv.com/2022/11/21/ARTITBfG7dTv3ypgVQedmAAs221121
美国“血检骗局”终结！美滴血验癌公司创始人入狱11年,https://news.cctv.com/2022/11/21/ARTISqsUwoOkKu3Pl1NB46qI221121
2022卡塔尔世界杯，看热门也看黑马,https://news.cctv.com/2022/11/21/ARTIIcTQgVhGH4JAPxZzaXOV221121
马斯克继续大裁员：推特最快周一裁减销售和合作伙伴团队,https://news.cctv.com/2022/11/21/ARTIwmrBlsD4UxWWFKEp9Y85221121
美夜店枪击事件致23人死伤，拜登：必须解决枪支暴力“流行病”,https://news.cctv.com/2022/11/21/ARTIw61zP9XkOuUKX1NnJ5zl221121
岸田文雄正式任命前外务大臣松本刚明为新任总务大臣,https://news.cctv.com/2022/11/21/ARTIh9wMdTnGZawf9b1277Ib221121
瑞典：极光照亮夜空如绿色游龙,https://photo.cctv.com/2022/11/21/PHOA06wUTXCYmiK0u6LNjgUx221121
2022年卡塔尔世界杯开幕式举行,https://photo.cctv.com/2022/11/21/PHOATwZYl57gl05QiyqKbVOx221121
球迷住的帐篷里，有多少激情就有多少无奈,https://news.cctv.com/2022/11/21/ARTICXyBrH5NqMgsi0d79FJL221121
伊朗外交部：伊朗不会屈服于压力 将继续“和平”核计划,https://news.cctv.com/2022/11/21/ARTIY607RsGPPX6A2PNBDd7i221121
卡塔尔两球负于厄瓜多尔 “东道主首战不败定律”作古,https://news.cctv.com/2022/11/21/ARTIcFG9R6jOmxw1DfBx7qVb221121
国际社会积极评价习近平主席东南亚之行,https://news.cctv.com/2022/11/20/ARTIpSbkpgoiAAJZz21C2D9u221120
因凡蒂诺力挺卡塔尔：欧洲过去3000年的作为，未来3000年都该道歉,https://news.cctv.com/2022/11/20/ARTIHxFyr2d34gHYhA2ZdNC0221120
中哈边境巴克图口岸进出口贸易火热,https://news.cctv.com/2022/11/20/ARTI2fKtNu4At58Tizo9Pv5M221120
在“中泰一家亲”基础上构建中泰命运共同体 走向美好未来,https://news.cctv.com/2022/11/20/ARTI20Dzs7mjPGQAukCCFson221120
“哪里有中国工业园，哪里就会繁荣”,https://news.cctv.com/2022/11/20/ARTI8gRtm4zIbeUnRAc0XkvG221120
图解|备受瞩目的雅万高铁有何特别之处？,https://news.cctv.com/2022/11/20/ARTI8KIgdt2Fb7Sf1TJdKHqI221120
中国持续推进高水平对外开放为世界提供新机遇,https://news.cctv.com/2022/11/20/ARTIVj1NDQyGwOo0mXO7paBN221120
元首外交 | 这两件国礼蕴含中泰合作大文章,https://news.cctv.com/2022/11/20/ARTIJwMNh4UfQRHkklLlWbC7221120
荷兰与德国接壤地区暴发禽流感疫情 约22万只家禽被扑杀,https://news.cctv.com/2022/11/20/ARTICCIqZSEG0WzBdLAxKJU3221120
遭共和党富豪捐款人抛弃 特朗普或面临竞选资金问题？,https://news.cctv.com/2022/11/20/ARTICGdLIzsTArocKx4jinvX221120
全球连线丨“两国双园”见证中国印尼合作再上新台阶,https://news.cctv.com/2022/11/20/ARTIXSmEOefYJzcyn1c8LrR1221120
美媒：美今年至少32名跨性别者遇害,https://news.cctv.com/2022/11/20/ARTIYEmAQ0ZkkYb6twtVw14z221120
中国新能源汽车助力泰国绿色经济,https://news.cctv.com/2022/11/20/ARTIJenWj3kFy03uZOPKtlZZ221120
中国真诚与亚太和世界展开合作 分享发展机遇,https://news.cctv.com/2022/11/20/ARTIfbLc9vp9CvDJpTVIBQIQ221120
“为完善全球治理贡献力量”,https://news.cctv.com/2022/11/20/ARTImMBOIQRtiagSLSLOewIu221120
践行多边主义 应对共同挑战,https://news.cctv.com/2022/11/20/ARTIynqkYvA2idnOZhEFkeZy221120
外媒：马斯克已恢复美国前总统特朗普推特账号,https://news.cctv.com/2022/11/20/ARTItsnixFUXvQ391Jgi6EwG221120
马来西亚举行大选 首次出现“悬峙国会”,https://news.cctv.com/2022/11/20/ARTIiNe0PMqgsk0fh7LwNOHJ221120
波兰拒绝俄外长拉夫罗夫入境参会 俄罗斯怒了！,https://news.cctv.com/2022/11/20/ARTIWcvENO91SPZIPoOf0ngv221120
马斯克称将解封特朗普账号 特朗普：没兴趣重返推特,https://news.cctv.com/2022/11/20/ARTIN644iGKW4uNTA3bBGc6t221120
习近平主席的APEC时间,https://news.cctv.com/2022/11/20/ARTIehYhN7YYNSDmMnIRgd0w221120
记者Vlog丨英国超市鸡蛋限购 民众担心无蛋可吃,https://news.cctv.com/2022/11/20/ARTIeTgRo0dEyvMcRkxrYotn221120
物价飙升，美国人或迎来史上最贵的感恩节晚餐,https://news.cctv.com/2022/11/20/ARTIyKJqgdSCkZmkMHdbWhCq221120
国际人士高度评价习近平主席在亚太经合组织第二十九次领导人非正式会议上的重要讲话,https://news.cctv.com/2022/11/19/ARTIxwrfSBYn6ihHVLNSFL3D221119
【国际漫评】猜错了,https://news.cctv.com/2022/11/19/ARTI1ct45wMRHf3jxWnC8BGk221119
“这真是一件大喜事！”――中国智慧物流企业为巴西消费者送货上门,https://news.cctv.com/2022/11/19/ARTID0IePlHY9olwUvN2tA0X221119
培育亚太共同发展的繁荣之花,https://news.cctv.com/2022/11/19/ARTIOQAgwEHaj2ZXHdqL2sDA221119
【国际锐评】中方四点建议助力创造新的“亚太奇迹”,https://news.cctv.com/2022/11/19/ARTIHcswkcX4TlXnNztZjLN3221119
中国派出专家组赴乌干达执行农业南南合作项目,https://news.cctv.com/2022/11/19/ARTIKFmF7bgijbHksaugpvfV221119
让更多合作成果惠及亚太人民,https://news.cctv.com/2022/11/19/ARTIGknb9ISUGJE7W8sO1DJ5221119
共促亚太发展 续写“亚太奇迹”,https://news.cctv.com/2022/11/19/ARTIP7aqbxQvaaQ7md2sOPc7221119
为亚太稳定繁荣作出新贡献,https://news.cctv.com/2022/11/19/ARTI1H0eKpSbY4xSsXJnhIpD221119
美媒：美国政府分裂将导致经济遭灾难性打击,https://news.cctv.com/2022/11/19/ARTIrizmPcGQ5mV5rx1scCIK221119
美媒：最新研究显示，越来越多的美国原住民和黑人儿童经历过种族歧视,https://news.cctv.com/2022/11/19/ARTIHCpJYg060Es04iIsCAqd221119
英国生活水平或将出现最严重下降 专家警告：经济增长惨淡年代来临,https://news.cctv.com/2022/11/19/ARTIjOhuQp9ajiLQeWSjzxDd221119
绿色发展  携手同行,https://news.cctv.com/2022/11/19/ARTII5dII8iOnKAmYtDKXIHL221119
我与中国企业建设自己家乡,https://news.cctv.com/2022/11/19/ARTIb2jTZuddMkfNGK0uKNnz221119
“泰中关系迎来新的发展机遇”,https://news.cctv.com/2022/11/19/ARTIZnuyu0TJZ9vv1ShcnA6B221119
朝鲜试射新型洲际弹道导弹,https://news.cctv.com/2022/11/19/ARTIAFqx9tFcErQRyXOEHPpP221119
众多问题尚待解决 第27届联合国气候变化大会宣布延期闭幕,https://news.cctv.com/2022/11/19/ARTIftvuISoHRGk4cBgVCNV2221119
“滴血验癌”欺诈投资者，“女版乔布斯”获刑11年3个月,https://news.cctv.com/2022/11/19/ARTI8Of6LA7JNtpExaFeGdUR221119
美司法部又有调查新动作，特朗普会被起诉吗？,https://news.cctv.com/2022/11/19/ARTIUYhEIhkVjHZaMJl9bvUa221119
时政新闻眼丨抵达曼谷第一天，习近平参加了哪几场重要活动？,https://news.cctv.com/2022/11/19/ARTIl0AGj7DAMQESEHj8VvP7221119
刚强@大国外交最前线丨泰国大王宫！在这里看“中泰一家亲”的传统友谊,https://news.cctv.com/2022/11/19/ARTI82dNVAwXBmT6TagnlPAi221119
“中国的发展将为亚太地区带来更多机遇”,https://news.cctv.com/2022/11/19/ARTI8jHR6nUG9GA0mrCDLJLa221119
美国司法部长宣布任命特别检察官对特朗普进行调查,https://news.cctv.com/2022/11/19/ARTIWeLOf9NLYhKaD2sKe0Ze221119
专访：中阿加强创新合作推动经济与环保齐头并进――访阿联酋气候变化事务特使苏丹・贾比尔,https://news.cctv.com/2022/11/19/ARTI5JdFgmbKQmSOVnOZIcZP221119
秘鲁一机场发生撞机事故 已致2死36伤,https://news.cctv.com/2022/11/19/ARTIBOtiaxD3NpbWEwNq0YrO221119
习近平和彭丽媛会见泰国国王哇集拉隆功和王后素提达,https://news.cctv.com/2022/11/19/ARTIagajfgBbKz5OEKvakf3j221119
英国多个政府部门公务员将进行为期一个月罢工,https://news.cctv.com/2022/11/19/ARTIiUK8x7KfGUVeyWXzErbe221119
美国众议院议员杰弗里斯宣布竞选众议院民主党领袖,https://news.cctv.com/2022/11/19/ARTIT6B3OCZKgfJfnjy16GVm221119
英媒：法德西三国将启动欧洲新一代战机项目下一阶段开发,https://news.cctv.com/2022/11/19/ARTItwyP8lYzrczTplYU4pEB221119
乌媒：基辅至赫尔松客运列车将恢复通行,https://news.cctv.com/2022/11/19/ARTItJUJh8Y34FD0FKUzYai0221119
美国成屋销售连续9个月下滑，10月销售量同比降28.4%,https://news.cctv.com/2022/11/19/ARTIDXU4Bq5aaYpwWg5l9lid221119
COP27闭幕在即，外媒：非洲气候议题被忽略,https://news.cctv.com/2022/11/19/ARTIVuU5zmmedoGaP8b1dihT221119
日媒：在日出生的大熊猫“香香”归还中国日期推迟至明年,https://news.cctv.com/2022/11/19/ARTIi2u8vLOnFh8014MynZs3221119
英方要求中企撤销对英国半导体制造商收购，中国驻英使馆回应,https://news.cctv.com/2022/11/19/ARTIrMfJOY6pHFEbc5XvUQmn221118
习近平会见智利总统博里奇,https://news.cctv.com/2022/11/18/ARTIXW92tKqvkLW3nIP6XTJ4221118
习近平会见巴布亚新几内亚总理马拉佩,https://news.cctv.com/2022/11/18/ARTILLcaUMbLOylZEmvcoewN221118
联合国秘书长古特雷斯与乌克兰总统泽连斯基通话,https://news.cctv.com/2022/11/18/ARTIiBLmOBj5TA14ETB0Q2Xt221118
联合国教科文组织就全球学前教育发表公报,https://news.cctv.com/2022/11/18/ARTIhHeuWHW5P7hqEFt9rkaP221118
高清大图丨元首外交为中印尼关系发展把舵引航,https://news.cctv.com/2022/11/18/ARTIJS7ogwul2dhyWesOhc3n221118
如何共迎时代挑战，习近平在G20峰会上这样回答,https://news.cctv.com/2022/11/18/ARTI7Skz4fVO9fGMEtq84CXj221118
打通开放合作“黄金路”，跑出发展“加速度”,https://news.cctv.com/2022/11/18/ARTIXTHM5iyWrQp1GfkZ8RDR221118
习近平向世界宣介中国式现代化,https://news.cctv.com/2022/11/18/ARTIPfseNSsJisfPcX1QecKE221118
让创新的动能更澎湃（人民时评）,https://news.cctv.com/2022/11/18/ARTIEEQhxbBH1wkIdwVkrFEY221118
漫评|雅万高铁：在合作共赢中共享发展机遇,https://news.cctv.com/2022/11/18/ARTIgZxApnFs7TemJj3tl3hb221118
美早产率创新高：超10.5%婴儿提前三个星期出生 有色人种及贫困人口“最受伤”,https://news.cctv.com/2022/11/18/ARTIxZ2siQzTezM2mdddy4aY221118
【世界说】 美媒质问：还要多少美国人丧生才能增加对美国公共服务的支持？,https://news.cctv.com/2022/11/18/ARTI5mWoriB1VKZzH2uAGVUJ221118
漫评美国通胀高企物价上涨：“火鸡飞上天”,https://news.cctv.com/2022/11/18/ARTIDIz2yN5oy0eUVoY392HU221118
相携相助 结伴同行（和音）,https://news.cctv.com/2022/11/18/ARTItsh5qjDBP4OWhgZE0d03221118
开创泰中两国美好未来――访泰国总理巴育,https://news.cctv.com/2022/11/18/ARTI3dqVKngRqhmtu53sgO2W221118
倡导共同发展 展现大国担当,https://news.cctv.com/2022/11/18/ARTI2gt04RfJlbQZKUCdkt0c221118
第一观察 | 习近平主席巴厘岛之行的几重深意,https://news.cctv.com/2022/11/18/ARTIiWi7r3unvtjiXz1WUeRL221118
土耳其博物馆展出船夫卡隆雕像文物 可追溯至2400年前,https://photo.cctv.com/2022/11/18/PHOA2iduiK2l9t0lo1Jd5SXQ221118
全球连线｜探访中泰铁路合作项目一期工程,https://news.cctv.com/2022/11/18/ARTIDz4PcRfxVCP8lmc4emId221118
推动全球数字化合作 习近平提出三点“坚持”,https://news.cctv.com/2022/11/18/ARTIq4OTEoHQqxvHPWWA3ccv221118
习言道｜亚太是我们安身立命之所,https://news.cctv.com/2022/11/18/ARTIFtF4MAHQpuXpUvdR0Ya1221118
世界向何处去？亚太怎么办？习近平给出答案,https://news.cctv.com/2022/11/18/ARTIO2j3it7VtTfPcNtlM7C9221118
孟加拉印度教信徒庆祝传统宗教节日 点点油灯打造“繁星”效果,https://photo.cctv.com/2022/11/18/PHOAgFP2Qwe5xTywHDqvMgR7221118
通讯：期待中泰铁路早日建成通车助力区域互联互通,https://news.cctv.com/2022/11/18/ARTIYp4GrQL4PYa7THfex7cw221118
书写“我不见外”的故事（来华留学生讲中国故事 （十三））,https://news.cctv.com/2022/11/18/ARTIcx1OGGTRshKLZ9NsLBbI221118
“让更多人听到精彩的中国故事”（外国青年走读中国）,https://news.cctv.com/2022/11/18/ARTI2d6scNgJLTUk07DeuNwb221118
为亚太和世界发展繁荣贡献正能量 ――习近平主席在亚太经合组织工商领导人峰会上的书面演讲引发与会人士热烈反响,https://news.cctv.com/2022/11/18/ARTIwFuclyHrt8bWwmmNq8ne221118
合力续写“亚太奇迹” 携手世界大道同行――习近平主席在亚太经合组织工商领导人峰会上的书面演讲为亚太合作指明方向,https://news.cctv.com/2022/11/18/ARTIhLnnjEqWIybVmYdJRG1D221118
亚太经合组织工商领导人峰会聚焦可持续发展、包容性增长和数字化,https://news.cctv.com/2022/11/18/ARTIQSzcDmodEVH7JVqJYX0n221118
心意相通 共谋发展（记者手记）,https://news.cctv.com/2022/11/18/ARTIBUufn8kwJRIPvI7j66BM221118
引领全球发展方向的中国强音（望海楼）,https://news.cctv.com/2022/11/18/ARTIOljGCz4yAja2ymuMlOtY221118
互惠交融，“亚洲强音”提振全球多边合作愿景,https://news.cctv.com/2022/11/18/ARTIm5XlaVoCNMmw76FzFrSl221118
G20峰会上，习近平提出中国倡议推动全球发展,https://news.cctv.com/2022/11/18/ARTIWmTjmm3jc6EWdRpJjy7E221118
为加强全球治理贡献智慧和力量（国际论坛）,https://news.cctv.com/2022/11/18/ARTIxO3VULI0whzcbpl7X8qJ221118
“中泰一家亲”书写新篇章,https://news.cctv.com/2022/11/18/ARTIzcDQTU0e9Q316XGQMUVt221118
【新闻背景】亚太经合组织领导人非正式会议,https://news.cctv.com/2022/11/18/ARTIta0zWDPfxOLDLYcNREZs221118
高清大图｜巴厘岛峰会上，习近平主席提出应对重大发展挑战的三个关键词,https://news.cctv.com/2022/11/18/ARTIZ56vNuyhJzo9vi7DxsHR221118
阿曼：冬季赛骆驼 沙土飞溅场面热闹,https://photo.cctv.com/2022/11/18/PHOAouUVbo4dAklEUDRunb5b221118
英国：小海豹睡梦中醒来状态超萌 用爪子捂眼羞见镜头,https://photo.cctv.com/2022/11/18/PHOATAhD5lrAHUW3dZ6R4OQd221118
日本：灯光云海交织如梦似幻,https://photo.cctv.com/2022/11/18/PHOAyrzm7ROx05ud9dIPe8NI221118
联大举行全会审议安理会改革问题 中国代表提三点期待,https://news.cctv.com/2022/11/18/ARTI2biDQ5Qzj5ThZKQBddkD221118
古特雷斯敦促各方在气候谈判中停止“相互指责”,https://news.cctv.com/2022/11/18/ARTIAWd5p1DmunnKlszLzXy0221118
黑海港口农产品外运协议相关方同意将协议延长120天,https://news.cctv.com/2022/11/18/ARTIuZnOJd3fYvOmlTSxQnYf221118
调查拜登！掌控众议院后，共和党人宣布采取行动,https://news.cctv.com/2022/11/18/ARTIosC4UvizBSjmPR714H6X221118
现场残骸帮助还原真相，多种手段追溯发射阵地，波兰遭导弹袭击，查出“谁干的”不难,https://news.cctv.com/2022/11/18/ARTIX2OwmcfBNVaWQq45HOxJ221118
残疾员工就马斯克禁止远程工作起诉推特,https://news.cctv.com/2022/11/18/ARTIVgeCzcVrwgCV1m3ANVgB221118
习近平会见菲律宾总统马科斯,https://news.cctv.com/2022/11/18/ARTIUERlGQZM3i0zF9H62Vz9221118
8年后马航MH17坠机案终宣判，3人被判无期徒刑,https://news.cctv.com/2022/11/18/ARTIKet2o42bFsCF2e9ae2FK221118
8年后马航MH17坠机案终宣判，3人被判无期徒刑,https://news.cctv.com/2022/11/18/ARTIT4oEd78oNC12WRaN0bDj221118
国际原子能机构理事会通过决议，要求伊朗紧急配合调查,https://news.cctv.com/2022/11/18/ARTIuUx36AO4ja8Vgz9vwzlw221118
国际谷物理事会上调2022/23年度全球大豆产量预期至3.88亿吨,https://news.cctv.com/2022/11/18/ARTI8uJ6dzITvWxA4pQOCLdZ221118
习近平会见日本首相岸田文雄,https://news.cctv.com/2022/11/18/ARTICLzjukIuRZXNUlq82skU221118
习近平会见新加坡总理李显龙,https://news.cctv.com/2022/11/18/ARTICZod6cLCff51Psa054Qc221118
习近平会见菲律宾总统马科斯,https://news.cctv.com/2022/11/18/ARTIoDOm7ibZZeTVrm8n6WMn221118
时政微纪录丨习近平的G20时间,https://news.cctv.com/2022/11/17/ARTIpyKxTVJXLWFSvZkLYVHf221117
独家视频丨习近平：继续谱写中菲友好的新篇章,https://news.cctv.com/2022/11/17/ARTIWWb2oQZLYyAaUpwKUxrE221117
独家视频丨习近平夫妇步出舱门 泰国总理巴育夫妇在舷梯旁热情迎接,https://news.cctv.com/2022/11/17/ARTIkmH3gJDweBYNGGrDLJO8221117
刚强@大国外交最前线丨萨瓦迪卡！习主席抵达曼谷 泰方高规格迎接,https://news.cctv.com/2022/11/17/ARTIO8g0EEfQnh2O5fCmd2OG221117
独家视频丨习近平即将会见新加坡总理李显龙,https://news.cctv.com/2022/11/17/ARTImme7RAb00UuQ8vL5LSgf221117
美国全国护士联合会批政府防疫不当 日本日增确诊连续两日超10万例,https://news.cctv.com/2022/11/17/ARTIM7BtBt7WnWIWfVnKcupu221117
【瞰全球】 美国消费者信心大幅下降 美联储官员警告美国经济将大幅走软,https://news.cctv.com/2022/11/17/ARTIt5AFbBuCfgtytbZXueNL221117
看图学习丨同世界和亚太各国实现更高水平的互利共赢,https://news.cctv.com/2022/11/17/ARTIRhBgX3u8R0qKxgQtsh2M221117
元首外交 | 书写“中泰一家亲”新篇章,https://news.cctv.com/2022/11/17/ARTIIz7U800IiFEUKqJupSly221117
海报丨面向APEC大家庭，习近平主席这样推动构建亚太命运共同体,https://news.cctv.com/2022/11/17/ARTIsXrKm4IwbcmVHSJZFwM6221117
看图学习丨携手努力  开辟合作共赢新境界,https://news.cctv.com/2022/11/17/ARTIOUmJbqkO9WHXteNGVkW3221117
中日青年创业者（一）：欢乐地奔跑在中日旅游交流一线的“创业者”,https://news.cctv.com/2022/11/17/ARTIvvGRCjOxLcjCjfACs4jV221117
新闻背景：亚太经济合作组织,https://news.cctv.com/2022/11/17/ARTInbVpSs8nXVk6J9ZXL6nG221117
海外网深一度：中期选举折射美国深度撕裂,https://news.cctv.com/2022/11/17/ARTIEerJJUqlKvwFSvhx1QdN221117
为全球经济发展注入更多稳定力量,https://news.cctv.com/2022/11/17/ARTIAk3Lb9qJT4qjJHs4spvC221117
美：俄应为波兰导弹事件负责 俄：美国并不关心调查结果！,https://news.cctv.com/2022/11/17/ARTIxjqFDFNpIT0TRrNrW1TO221117
美国男子驾车撞伤25名警察 现场曝光：车头严重变形,https://news.cctv.com/2022/11/17/ARTIKVfDKNrDqEecD4YfnIn5221117
共和党如愿掌控众议院，但“红色浪潮”却成了“红色涟漪”,https://news.cctv.com/2022/11/17/ARTIoohIU5xwSXQbbus9oEau221117
拜登回应共和党拿下众议院 表示愿意与其开展合作,https://news.cctv.com/2022/11/17/ARTIgIcrmZpKCfjeTcqG2jg5221117
俄罗斯联邦统计局：俄第三季度GDP同比下降4%,https://news.cctv.com/2022/11/17/ARTIuZ5o78yj1SbhdGdSCG55221117
全球连线｜中国企业为泰国经济发展注入活力,https://news.cctv.com/2022/11/17/ARTIixhrrbcvkrtFck08oAPl221117
泰学者：一带一路助推区域一体化和泰中关系发展,https://news.cctv.com/2022/11/17/ARTI77Nb5p2lwKu2FDJslGf5221117
【中国那些事儿】印尼媒体：中国在G20峰会扮演至关重要的角色,https://news.cctv.com/2022/11/17/ARTIbGiTf2ON57N4smX1P9FN221117
全球治理迎来“亚洲时间” 世界倾听中国声音,https://news.cctv.com/2022/11/17/ARTI38bZ5BjllT4NnCWm27Yo221117
国际观察：携手共进，构建新时代中非命运共同体,https://news.cctv.com/2022/11/17/ARTI5Fl0siRcZu9B30mHYYjO221117
“为泰中及地区人民带来更多福祉”,https://news.cctv.com/2022/11/17/ARTIFMSwFi7o6LY8jC7E56kU221117
“推动构建更加开放的贸易和投资体系”,https://news.cctv.com/2022/11/17/ARTIZNAjBLnxJpyVU3bLSARt221117
制造分歧和拖延时间，美国在气候大会上做了些什么？,https://news.cctv.com/2022/11/17/ARTI96sgaezrriAOpnqmlTpV221117
携手努力，开辟合作共赢新境界（和音）,https://news.cctv.com/2022/11/17/ARTIPNxm6a67kfLsjoXsWifg221117
探讨新时期中美两国正确相处之道,https://news.cctv.com/2022/11/17/ARTIpWyKJjvgaBZEsgFwYeuq221117
美国媒体统计和测算显示共和党赢得众议院控制权,https://news.cctv.com/2022/11/17/ARTIDr88ATmWGi7wiNn1ikk9221117
泰国外交部：期待泰中两国继续深化合作,https://news.cctv.com/2022/11/17/ARTInEkBSeB7hX3O8N5nvP1U221117
德国莱比锡新生小象得名“秋天之子”,https://photo.cctv.com/2022/11/17/PHOALIZAZbaxhFi4NqePHODC221117
耶鲁大学和哈佛法学院退出美国新闻大学排名,https://news.cctv.com/2022/11/17/ARTIsWh8E6bEYVNxVgzpAQ4z221117
希腊：非政府组织志愿者穿梭海底收集垃圾,https://photo.cctv.com/2022/11/17/PHOATzJAHL3gSNOxAEEVMx2p221117
G20峰会期间广泛使用新能源车,https://photo.cctv.com/2022/11/17/PHOAfIffCDrD1DOOvKvjBnnZ221117
波兰导弹乌龙，不太好收场了……,https://news.cctv.com/2022/11/17/ARTIvJr1uef8fZLkk6dF9STg221117
美国小学多发警察暴力执法,https://news.cctv.com/2022/11/16/ARTII787T8ghMj9a0m1tq40d221116
全球连线｜全球发展的中国贡献,https://news.cctv.com/2022/11/16/ARTIq5RpryaR8mFOKHLx0uH4221116
德国前防长：新旧挑战叠加，中德合作为世界注入“稳定剂”,https://news.cctv.com/2022/11/16/ARTIj7tP4CO9Fb8SeyBmKztd221116
新华时评：联合国这波挺华声浪说明了什么,https://news.cctv.com/2022/11/16/ARTIlQCWk4UGg8TRFaMHmOS1221116
美国登月火箭发射升空,https://photo.cctv.com/2022/11/16/PHOA6paIP8DE5RXTWuSaWkCK221116
美国今年流感季已致1300人死亡 专家呼吁民众积极接种疫苗,https://news.cctv.com/2022/11/16/ARTIoy8LaeELutY71XbITZ95221116
习近平主席泰国之行将为中泰关系注入活力,https://news.cctv.com/2022/11/16/ARTIZ1Ca643ewQNgiO0CWQkf221116
海外网评：力促G20合作，中国发出强音,https://news.cctv.com/2022/11/16/ARTI2qtC3nWrPzwIw5xwbMdh221116
“期待进一步推动亚太区域一体化”――访秘鲁国立圣马科斯大学亚洲问题研究中心主任阿基诺,https://news.cctv.com/2022/11/16/ARTIdL66rNC1r9HQ12w94FgR221116
古巴和美国就移民问题在哈瓦那举行会谈,https://news.cctv.com/2022/11/16/ARTIkuA9uXpM1bAlDbXU7Mdb221116
美国新一代登月火箭“太空发射系统”首次发射升空,https://news.cctv.com/2022/11/16/ARTIXOBlZbxKtc71sdbNxOfY221116
特朗普宣布再次竞选美国总统,https://photo.cctv.com/2022/11/16/PHOAYVWnRw5Hv1JwsO3ZxY6T221116
各界期待中国在全球治理中发挥更大作用,https://news.cctv.com/2022/11/16/ARTIX7Z8HHHDCwL24em8c1vk221116
合作共赢 行稳致远,https://news.cctv.com/2022/11/16/ARTIEMjQOFUwA7jvWrR9WpP2221116
基辛格积极评价中美元首会晤：为全球两大经济体架起沟通桥梁,https://news.cctv.com/2022/11/16/ARTIbmswdIufz0ICA6bOuktm221116
奥地利：抗议者在博物馆内向画作泼黑色液体,https://photo.cctv.com/2022/11/16/PHOAvQen3pLCdPZ1eDZpNLwO221116
推动世界各国共同发展进步――习近平主席在二十国集团领导人第十七次峰会第一阶段会议重要讲话引发国际社会热烈反响,https://news.cctv.com/2022/11/16/ARTIPUuBR7SRbldWkr7AhI1i221116
元首外交为中美关系发展指明方向（钟声）,https://news.cctv.com/2022/11/16/ARTIoYbSne7A7jI26VILTd0p221116
德国举办汉诺威国际畜牧业展览会吸引55个国家约1700家参展商,https://photo.cctv.com/2022/11/16/PHOAtbJVjBhPdlEf8MuWsXj5221116
美媒：特朗普正式宣布再次竞选美国总统,https://news.cctv.com/2022/11/16/ARTIDPKxIEOysmWmerXKxPUX221116
土耳其哈塔伊现水下洞穴,https://photo.cctv.com/2022/11/16/PHOArQqDNfWixXF9QzQFeQeW221116
美媒：FTX交易公司申请破产，“加密货币之王”跌落神坛,https://news.cctv.com/2022/11/16/ARTITTByhLKJimmicoAnUzGl221116
俄宣布制裁100名加拿大公民，包括好莱坞电影演员金・凯瑞,https://news.cctv.com/2022/11/16/ARTIVfvLT41Cy9o4GF371y8Q221116
【世界说】美国政治暴力威胁不断扩大 超40%美国人认为未来十年内可能发生内战,https://news.cctv.com/2022/11/15/ARTIWdPmd2DBAwsBB4SddSlq221115
【国际漫评】伪善,https://news.cctv.com/2022/11/15/ARTIVu2tbBkns8x388B6p7s6221115
美研究：美国高谋杀率之下 每179人中就有1人死于谋杀,https://news.cctv.com/2022/11/15/ARTIph7iMh7TeEzocsi3AZEi221115
全球连线｜探访印尼青山产业园建设现场,https://news.cctv.com/2022/11/15/ARTIyJmSsjal14HZGx0yAcJd221115
通讯：中非友谊大树上的一朵新花――记中国人张林在坦桑尼亚坠机事件中勇救幼儿,https://news.cctv.com/2022/11/15/ARTIuH34VKXipevrPfeiqh0I221115
中国与中东国家心合意同（观象台）,https://news.cctv.com/2022/11/15/ARTIYhboH40WA65Qtcd8T5hN221115
英媒：美国两党政治“军备竞赛” 将让政府继续分裂,https://news.cctv.com/2022/11/15/ARTIr8OIN9u6ueMWTJAQqo5C221115
全球气候正义与发达国家历史欠债,https://news.cctv.com/2022/11/15/ARTIFPlSOYhHrWqcTD3vWWaf221115
推动中美关系重回健康稳定发展轨道,https://news.cctv.com/2022/11/15/ARTIvTvAE14XGqfn7HkeRRes221115
“通向美好未来的机遇”,https://news.cctv.com/2022/11/15/ARTIy0qzfotSVYtDZ6xeO6En221115
国际人士积极评价中国适应气候变化行动,https://news.cctv.com/2022/11/15/ARTIBq0nL9n7F0MJhTZpq8wn221115
“为推动全球发展发挥重要作用”――访沙特通信与信息技术部前部长穆罕默德・苏维耶尔,https://news.cctv.com/2022/11/15/ARTIE3DGfw2E2ccGjAspqmSo221115
“共同打造包容、可持续、有韧性的未来” ――访联合国副秘书长阿利斯夏巴纳,https://news.cctv.com/2022/11/15/ARTIAJRFNf8xMtLoAFFbNPEZ221115
携手应对全球性挑战（国际论坛）,https://news.cctv.com/2022/11/15/ARTIkdhYJayuOPOBgfzPeeZF221115
泽连斯基视察赫尔松地区,https://photo.cctv.com/2022/11/15/PHOAYyA8eSLi8SYM55pySXcZ221115
