丽江古城到玉龙雪山通火车了,https://news.cctv.com/2022/11/29/ARTI9TtY4jIZ3clIh2jpaWya221128
网传青海西宁防疫“大白”虐狗 官方通报,https://news.cctv.com/2022/11/28/ARTIWyv6Fm7KKjfgRjMVFlQ4221128
11月27日陕西新增54例本土确诊病例 新增988例本土无症状感染者,https://news.cctv.com/2022/11/28/ARTIgbRtttIlpE2yFjxwhj4R221128
古书“病虫害”了怎么“医”？古籍修复专家现场揭秘,https://news.cctv.com/2022/11/28/ARTIWAYhNf0ZX8HIbmXfHsqI221128
每年最高3000元 明年起杭州“试管婴儿”部分项目可报销,https://news.cctv.com/2022/11/28/ARTIbMMKScJqJrAKjPZWm33c221128
期待！火星冲日、双子座流星雨将在下月先后亮相,https://news.cctv.com/2022/11/28/ARTIpdh9F62H3AAfEIDSDYAD221128
电热暖手器不合格率达65.1% 问题出在哪里？如何选购？,https://news.cctv.com/2022/11/28/ARTIdcFPUHGd0O6lLYxQ6JfO221127
从“忧居”到“优居” 这个昔日旧“渔村”华丽变身,https://news.cctv.com/2022/11/28/ARTI1V5MYIFYtYjaKvptYMQY221127
爆冷！超20省份将遭寒潮速冻 全国冰冻线进程图看你家何时被“冻”,https://news.cctv.com/2022/11/28/ARTIgiwYgPvqhlbhMOkjhIK1221127
网传重庆渝北区有“核酸志愿者被居民发现是混阳”？官方回应,https://news.cctv.com/2022/11/27/ARTIHz13fcZqum6F7HGlAWgS221127
甘肃瓜州县人民医院耽误患者治疗时机？官方通报,https://news.cctv.com/2022/11/27/ARTIgZKftDG0Fvh8UQYehE40221127
辽宁11月26日新增本土阳性感染者590例，另有2例既往无症状转确诊,https://news.cctv.com/2022/11/27/ARTIAEe0qQx4Pw0d8g8aB4Po221127
黑龙江11月26日新增本土确诊病例132例、本土无症状感染者439例,https://news.cctv.com/2022/11/27/ARTIf9caPCb6QPy9jz6kctKC221127
河北11月26日新增本土确诊病例79例、本土无症状感染者1545例,https://news.cctv.com/2022/11/27/ARTILhmjUle1up0i1D0peG7v221127
北京11月26日新增“747+3560”，其中806例为社会面筛查人员,https://news.cctv.com/2022/11/27/ARTIs6bzSMG1VGJFshAiIzH6221127
上海11月26日新增本土新冠肺炎确诊病例11例、本土无症状感染者119例,https://news.cctv.com/2022/11/27/ARTInntOh6F6Npwz1Aw2Qwxr221127
深圳10区：11月27日0时起所有餐厅、饭店等餐饮场所限流50%开放,https://news.cctv.com/2022/11/27/ARTIkqiazJBnZWMdN1cHlU9l221127
宁夏11月26日新增本土确诊病例3例、本土无症状感染者474例,https://news.cctv.com/2022/11/27/ARTIl9dV5AkON7BxoNiQYz6M221127
山东11月26日新增本土确诊病例89例、本土无症状感染者810例,https://news.cctv.com/2022/11/27/ARTI3UxaLhFWA4Wj5Ctu5aN4221127
国家地震烈度速报与预警工程明年底竣工,https://news.cctv.com/2022/11/27/ARTIrfW0FrPGdtEYcglNTVYa221127
北京经开区公布新增风险点位，涉商超、地铁、医院等,https://news.cctv.com/2022/11/27/ARTI8naXW24NvFE7I8ZfZFnh221127
北京房山区通报新增涉疫风险点位,https://news.cctv.com/2022/11/27/ARTIKLX0NDzlQg9W7bsabQIf221127
北京：疫情防控处于与时间赛跑与病毒较量关键时期,https://news.cctv.com/2022/11/26/ARTImMpVuxOvBbVcdvGpkE7T221126
山东省东营市垦利区划定高风险区,https://news.cctv.com/2022/11/26/ARTIClSjzCpeHrd7XZARXnWa221126
西安发布关于加强来返人员健康管理措施的通告,https://news.cctv.com/2022/11/26/ARTIXb7p2QblDYX0yWIxlSfx221126
郑州市公布新增新冠肺炎确诊病例和无症状感染者涉及风险点位,https://news.cctv.com/2022/11/26/ARTIe3uDZ5lY2wQ15dqVjqrx221126
北京东城区通报新增病例涉疫风险点位,https://news.cctv.com/2022/11/26/ARTIVh2urPxz8AkuZRRDvQ47221126
北京石景山医院：11月27日零时起，暂停24小时常态核酸检测和健康宝“弹窗”人群核酸检测,https://news.cctv.com/2022/11/26/ARTIuYdLnQmKaVBVjgYXCgeG221126
北京大兴区通报新增新冠肺炎病毒感染者主要活动轨迹,https://news.cctv.com/2022/11/26/ARTIDu2ghDLcjXklw1rXVMuV221126
北京朝阳区发布新增确诊病例活动轨迹,https://news.cctv.com/2022/11/26/ARTIMaIKzjig59IoKKbsZMjg221126
哈尔滨公布新增阳性感染者信息及活动轨迹,https://news.cctv.com/2022/11/26/ARTIUMcLJKte9uAjmIVnOKWO221126
青岛市调整部分区域风险等级,https://news.cctv.com/2022/11/26/ARTIoep4wgIkHzNCKgjwA0az221126
北京昌平区公布新增风险点位,https://news.cctv.com/2022/11/26/ARTIiNThB3Y6eAn9leQVkoqU221126
低风险区如何划定和管理？北京疾控解读,https://news.cctv.com/2022/11/26/ARTIGsKp8ufDkTTkVnCowuSi221126
武汉：来（返）汉不满5天者不得进入餐馆超市等公共场所,https://news.cctv.com/2022/11/26/ARTIkh3bTSXOhzy6YKlQ2rw4221126
上海文旅场所要求持48小时核酸阴性证明，这些景点已出细则,https://news.cctv.com/2022/11/26/ARTIHW5VO40dpUNZF2DL9kXt221126
乌鲁木齐市“11・24”火灾四问,https://news.cctv.com/2022/11/26/ARTIETsjgXPn615Yeqn8HgNI221126
“时间银行”里的“银龄”互助,https://news.cctv.com/2022/11/26/ARTIvz5F2aFWbCR5UC48hQAt221126
困在地里的蔬菜,https://news.cctv.com/2022/11/26/ARTIBBni6MP1ovWMDpwaJ1BU221126
什么原因，让这个孩子只穿一只球鞋踢球？,https://news.cctv.com/2022/11/26/ARTIkwWWwYcxPvFwAoQHWKck221126
徐州发布：郑州26辆大巴未经提前沟通载客抵达我市,https://news.cctv.com/2022/11/26/ARTIs7eNav55DfHoWaS6zmPj221126
广东交警：根据世界杯赛事增设临时执勤点严查酒驾醉驾,https://news.cctv.com/2022/11/26/ARTIxguTw3vAp7zIN6vl6MrU221126
26日10时后广州海珠区西部与中部可自由通行吗？官方解答,https://news.cctv.com/2022/11/26/ARTIjoIbhS5QtGqGzdmKyRUl221126
26日零时起哈尔滨各类商业综合体、百货商场、家居商场暂停营业,https://news.cctv.com/2022/11/26/ARTIRcgFxHeVzupxdO0eTEdv221126
陕西高校省外师生提前返乡筹备工作启动？官方辟谣并关停相关内容,https://news.cctv.com/2022/11/26/ARTIAxGDgdlipXEiwF2dQxTV221126
北京拟限制向未成年人提供医美服务 行业监管趋严加速洗牌,https://news.cctv.com/2022/11/26/ARTIz1nYjBUFb1tBPfTUcgiF221126
一粒药的合理价格是多少？,https://news.cctv.com/2022/11/26/ARTI3FAb3O4LN7ALdofRLom8221126
乌鲁木齐社会面基本清零，将分阶段有序恢复低风险区生活秩序,https://news.cctv.com/2022/11/26/ARTIoSNIe6nXsAV09xQ2kWzr221126
北京11月25日新增本土感染者“586+2009”，其中社会面筛查人员426例,https://news.cctv.com/2022/11/26/ARTI2jixOyhbObqKdMfS7jO8221126
上海20个区域划为疫情高风险区,https://news.cctv.com/2022/11/26/ARTIOxcnGr6bNYcWzjzvXANK221126
上海11月25日新增本土确诊病例11例、本土无症状感染者78例,https://news.cctv.com/2022/11/26/ARTIoBr3eeclMQoyS1Ls6MEn221126
山西太原新增高风险区47个,https://news.cctv.com/2022/11/26/ARTI3YOhitQqmUWzf9NsKMFx221126
宁夏11月25日新增无症状感染者280例,https://news.cctv.com/2022/11/26/ARTIKkfpYbOOAwJf9MpnkAkv221126
山东11月25日新增本土确诊病例94例、本土无症状感染者784例,https://news.cctv.com/2022/11/26/ARTIhn2ludpC5jQ1qxI07J65221126
广州海珠区：26日10时起，强化西部非管控区社会面疫情防控措施,https://news.cctv.com/2022/11/26/ARTIP2BCRK3TgSoNE8t9LPK7221126
请陌生人上门做饭，靠谱吗？,https://news.cctv.com/2022/11/26/ARTIb625qIc6h17NkwFIhtIv221126
央行宣布全面降准0.25个百分点,https://news.cctv.com/2022/11/26/ARTIxiW57ZElsfgo3CQjdQIV221126
常州一交警为护高速安全牺牲 生前工作中队以其名命名,https://news.cctv.com/2022/11/26/ARTIXVzrgeiA9pCWdiURqDFc221126
乌鲁木齐市召开“11・24”火灾事故新闻发布会,https://news.cctv.com/2022/11/26/ARTIaIIWA4iGP5EjWJzrF2DX221126
石家庄疫情防控仍处高位平台期 11月26日起继续5天全员核酸,https://news.cctv.com/2022/11/26/ARTIPXyxBVzQTjfxQhubCYNX221126
今年“双11”消费维权集中在促销价格争议等五方面,https://news.cctv.com/2022/11/26/ARTIiyscOiEWdl89QAqC0SDT221126
广州对个别小区核酸结果疑似不准情况，已第一时间组织专项调查,https://news.cctv.com/2022/11/25/ARTIJbJ0qPVwLfB5SUDRLKyw221125
浙江匿名捐款人“顺其自然”连续捐款24年 累计超1400万,https://news.cctv.com/2022/11/25/ARTIYGUJzJJie2XPTNKY2aLz221125
广州消防：封控楼栋的疏散通道和安全出口，不应以烧焊、上锁等方式封闭,https://news.cctv.com/2022/11/25/ARTISJNdntOvCqV58PI4w566221125
吉林省政协原副主席张晓霈主动投案接受审查调查,https://news.cctv.com/2022/11/25/ARTI1U6QCZFHFRUqIMgJA4ln221125
浙江立法将安全知识普及纳入中小学、高等院校教学内容,https://news.cctv.com/2022/11/25/ARTIaNKqsQxTaZSsdc64KRi6221125
官方回应  “三人在树林殴打未成年人”：已作相应处理,https://news.cctv.com/2022/11/25/ARTIhKt2CqUdhMbOEZuLYJzf221125
今冬最强寒潮来袭 宁夏气温将迎“大跳水”,https://news.cctv.com/2022/11/25/ARTIlZ3cPsxAxvPbxHbbvQET221125
山西晋中太谷通报一起落实疫情防控责任不到位问题,https://news.cctv.com/2022/11/25/ARTIuK0TztUP3zgH4EwuLx8n221125
乌鲁木齐市一高层住宅楼发生火灾造成10人死亡,https://news.cctv.com/2022/11/25/ARTIJMpX9Jiz673bYsmRmz1D221125
网传广州海珠封控居民抢救护车冲卡？实为假冒救护车，已抓获,https://news.cctv.com/2022/11/25/ARTIEGCgdkXLzzKFHy8xA1Hk221125
蹴鞠传承人：踢蹴鞠最好的老外是梅西,https://news.cctv.com/2022/11/25/ARTIoP2XoyszxfsnaeXDooCb221125
男子因赌球失败跳楼？杭州萧山警方：不实,https://news.cctv.com/2022/11/24/ARTI4beHDxbydlVFM6H9zpI3221124
绝美！30秒航拍带你赏平流雾奇景,https://news.cctv.com/2022/11/24/ARTIb1bBed9urMdTPQyEjD2C221124
国考重庆考区考试将如期举行 部分考生需重选笔试地点,https://news.cctv.com/2022/11/24/ARTIYKaBLuIdUYBGPAtzWK4A221124
北京工业大学：发现1管十混一初筛阳性，对平乐园校区、中蓝校区进行临时管控,https://news.cctv.com/2022/11/24/ARTIPymYui0wJ7V5jnaxOfVg221124
厦门新增13例新冠确诊病例和2名阳性感染者，轨迹公布,https://news.cctv.com/2022/11/24/ARTINFe8kka4NRABKTokYkNk221124
女教师上网课被家暴？派出所：当事人无大碍 双方和好,https://news.cctv.com/2022/11/24/ARTIqMSSnNKanjnGqprcYxk7221124
广东东莞11月23日新增“2+23”，涉及场所和排查时段公布,https://news.cctv.com/2022/11/24/ARTIb4YCi7LgJDSCHZ39VBHE221124
11月23日陕西新增37例本土确诊病例、758例本土无症状感染者,https://news.cctv.com/2022/11/24/ARTIMC284vXiinTMdNnGOm32221124
“看球热”拉动多领域消费升温,https://news.cctv.com/2022/11/24/ARTIssnqrmkWSGBTkqF51szU221124
北京第二外国语学院一名在校学生核酸检测阳性，校园临时管控,https://news.cctv.com/2022/11/23/ARTINCqsbg7UBbRnvpXRiku2221123
“线上盲盒”引发乱象，专家建议有序规范避免投机,https://news.cctv.com/2022/11/23/ARTIcBu4D8Kjft3F0AHC9JxP221123
广州白云区新增多个高风险区,https://news.cctv.com/2022/11/23/ARTI5iYzyuI8Gg2lDHajH4UM221123
“提前还房贷”要排长队 杭州有客户被告知需等四个月,https://news.cctv.com/2022/11/23/ARTI9Eud4vhYJyynvst4YURp221123
网传“太原小店区城管执法人员跪压货车司机头部” 官方通报,https://news.cctv.com/2022/11/23/ARTIGb0JF0JhKljwPdkXHqkk221123
11月22日陕西新增37例本土确诊病例、693例本土无症状感染者,https://news.cctv.com/2022/11/23/ARTIwWvvuxiap48xZlAt7lBZ221123
贵州11月22日新增省内感染者92例，新增外省输入及关联感染者49例,https://news.cctv.com/2022/11/23/ARTIp9eeCNQq3KSgUs8iazlx221123
广东11月22日新增本土确诊病例353例、本土无症状感染者7951例,https://news.cctv.com/2022/11/23/ARTItYvd51BfNr0xn4k5bRNe221123
新疆11月22日新增确诊病例19例、无症状感染者928例,https://news.cctv.com/2022/11/23/ARTIHt8prYLL2TEaEjjvd2zu221123
青海西宁发现480名阳性感染者,https://news.cctv.com/2022/11/23/ARTITdOAO8nfCOl1HEBnpAuq221123
重庆11月22日新增本土确诊病例215例、本土无症状感染者6728例,https://news.cctv.com/2022/11/23/ARTIcLyEiZKwzRDqyb9ACwIy221123
辽宁11月22日新增本土确诊病例22例、本土无症状感染者115例,https://news.cctv.com/2022/11/23/ARTItzc7roj2TZqyOBzEyBbg221123
天津：11月24日、25日在全市范围开展核酸检测,https://news.cctv.com/2022/11/23/ARTIjw5JQeKBi6vYvRS0NGPt221123
安徽11月22日新增确诊病例2例、无症状感染者85例,https://news.cctv.com/2022/11/23/ARTIO1osSCPvBTthlGgNYTYs221123
黑龙江11月22日新增本土确诊病例63例、本土无症状感染者250例,https://news.cctv.com/2022/11/23/ARTIRtAbPRZG6LpfzfGrAxnR221123
云南11月22日新增省内感染者322例，新增外省入滇感染者17例,https://news.cctv.com/2022/11/23/ARTICD09RosLrd3gcycRbmTA221123
河北11月22日新增确诊病例45例、无症状感染者912例,https://news.cctv.com/2022/11/23/ARTI3mXgojDPoBV2LGwN1Yja221123
深圳：24日起，乘坐公共交通工具等须凭48小时核酸检测阴性证明或当日核酸采样凭证,https://news.cctv.com/2022/11/23/ARTIcIEtZ1IUWHXUOzjrwAPe221123
北京11月22日新增本土“388+1098”，其中社会面筛查人员290例,https://news.cctv.com/2022/11/23/ARTIeyRlQOv6iOH8bXF1gQ4f221123
上海20个区域划为疫情高风险区,https://news.cctv.com/2022/11/23/ARTIJe9zD6lZsrhVNAhzByHG221123
上海11月22日新增本土确诊病例15例、本土无症状感染者53例,https://news.cctv.com/2022/11/23/ARTIyPyfHhRscCTUuLhxxpf5221123
山西11月22日新增本土确诊病例157例、无症状感染者488例,https://news.cctv.com/2022/11/23/ARTIygHiCWNsq2IXtjSnP1G3221123
大连金普新区：11月23日起连续2天开展区域性核酸筛查,https://news.cctv.com/2022/11/23/ARTI20gFrcZwhTOxdPT6zk7L221123
“电子榨菜”成为年轻人佐餐标配,https://news.cctv.com/2022/11/23/ARTI4upltrwmXnG2Amq7wjHD221123
河南安阳“11・21”火灾事故：89名群众先后从火场成功逃生,https://news.cctv.com/2022/11/23/ARTIjBU520evBNjY4Hj8oHn2221123
河南安阳“11・21”火灾事故：4人被警方控制,https://news.cctv.com/2022/11/23/ARTITuL2mUxiZZmQBH1RIQR3221123
多省份启动2023年公务员招录 专设岗位招录残疾人,https://news.cctv.com/2022/11/23/ARTIK5OkNvvvhRyjKwQzuyXZ221123
河南安阳市委书记就“11・21”火灾事故致歉,https://news.cctv.com/2022/11/23/ARTIb7EzTmdcXwAbSmzD7fMz221123
尼日利亚首都发生严重交通事故致多人伤亡,https://news.cctv.com/2022/11/23/ARTIlcAdqh0SXsjlWxhZFlz6221123
应急管理部工作组在河南安阳指导“11・21”特别重大火灾事故处置工作,https://news.cctv.com/2022/11/23/ARTI8NC3z49M3Bj3fUDD3wJl221123
中煤平朔集团井工三矿发生事故致4人死亡,https://news.cctv.com/2022/11/23/ARTI5e0UsFO9fbolXQ7XpWwI221123
公安部发布世界杯防骗指南：未知来源网址链接软件等不要轻易相信,https://news.cctv.com/2022/11/22/ARTIpycnLhgTlqKpsUSGQFZs221122
上海：24日起 抵沪不满5天者不得进入餐饮、超市等公共场所,https://news.cctv.com/2022/11/22/ARTIWGVXtiPGjnUZOhXemlQd221122
网传防疫人员将一男子压控在地？银川兴庆通报调查情况,https://news.cctv.com/2022/11/22/ARTIb65tZ5W3RqS7DKba1Ssg221122
北京增发6批次绿色节能消费券 每周同一线上平台可领1500元,https://news.cctv.com/2022/11/22/ARTIxfw4vN0YORckllx3Cgtg221122
北京：24日起进入公共场所查验48小时内核酸证明,https://news.cctv.com/2022/11/22/ARTIf1I1zm1yet7caB8GddJm221122
广州大部分区域前期本土聚集性疫情传播链已基本阻断,https://news.cctv.com/2022/11/22/ARTIK5OP9rCbeJ8SS7RJ3f7i221122
第四届金沙书院散文奖征文活动启动,https://news.cctv.com/2022/11/22/ARTIENaEAH08XOTWMO6hMnlp221122
全国各地疫情形势如何？国家疾控局回应→,https://news.cctv.com/2022/11/22/ARTIipQjbNnpz5dpAcv0LIUz221122
河南安阳火灾初步判定为违规作业引发事故,https://news.cctv.com/2022/11/22/ARTITnPAd2y2CvadvuEjF63H221122
网传“荔枝园核酸检测造假”？重庆沙坪坝通报,https://news.cctv.com/2022/11/22/ARTIrZzOiPd5zfQLc6Ou0Dqd221122
托底线 助成长 促增收（健全社会保障体系③）,https://news.cctv.com/2022/11/22/ARTILJaY1qPSY4CTuTaisMOC221122
青少年蓝皮书显示：当前未成年人上网普及率已近饱和,https://news.cctv.com/2022/11/22/ARTIG5Lpc65m7e1iJQJygZBz221122
河南通报安阳火灾事故原因：系企业人员违规操作，电焊引发火灾,https://news.cctv.com/2022/11/22/ARTIEhtEipJX4RRhyPQUYoWt221122
今年前10个月上海进出口总值3.46万亿元，同比增长5.3%,https://news.cctv.com/2022/11/22/ARTIV0jYHIWMavFWvdQpW0PT221122
河南安阳厂房火灾已致38人死亡，2人轻微伤,https://news.cctv.com/2022/11/22/ARTI4r17s14cTr48CHvzjnE8221122
海南：在更大范围内试行“零关税”和“低税率”政策,https://news.cctv.com/2022/11/22/ARTIMG96A5AXHxhWdaiK9M5s221122
江秋莲诉刘鑫案二审22日下午二次开庭,https://news.cctv.com/2022/11/22/ARTIoqAlbIWA44uZwEjNyori221122
公募基金助力个人养老,https://news.cctv.com/2022/11/22/ARTIm20yEuhm3rQr8ASYm7la221122
女性居家创业 演绎多姿人生,https://news.cctv.com/2022/11/22/ARTIV19ieYqqZpDZvm16Rxlf221122
宠物弃养频现，治理还存哪些难题？,https://news.cctv.com/2022/11/22/ARTI9d4sQuTvgCxZisbI9zp2221122
远离文身，让青春不被“刺痛”,https://news.cctv.com/2022/11/22/ARTI3aC4TjB6L5z5CMMzFqNI221122
中国未成年人保护发展首部蓝皮书发布,https://news.cctv.com/2022/11/22/ARTIMYfT3zYtjyLjYiOgYW1Y221122
云南11月21日新增省内感染者290例,https://news.cctv.com/2022/11/22/ARTIqoXKUCP7J4Mm08ExvUhn221122
河北11月21日新增本土感染者“5+806”，其中石家庄“5+684”,https://news.cctv.com/2022/11/22/ARTIDUwr5ohtatntQrZcuyk3221122
山西11月21日新增本土感染者“89+382”,https://news.cctv.com/2022/11/22/ARTIwP7K3Uva7nCjG1WUERu6221122
北京11月21日新增本土“274+1164”，其中社会面207例,https://news.cctv.com/2022/11/22/ARTIE5ZOh7BZnAyHrBijowbn221122
上海11个区域划为疫情高风险区,https://news.cctv.com/2022/11/22/ARTIIS5zCYTYFjLaMGNzyCRZ221122
上海11月21日新增本土确诊病例4例、本土无症状感染者44例,https://news.cctv.com/2022/11/22/ARTIuevrjj6AK8UOmOUmJ1WI221122
青海海东市新增248例阳性感染者，新增36个高风险区,https://news.cctv.com/2022/11/22/ARTI1UihTxYSVI3ICpXshSDH221122
杭州新增9例无症状感染者，轨迹公布,https://news.cctv.com/2022/11/22/ARTIzmrlmxaC0utIFZFoRTHy221122
北京顺义区：现有高风险区117个、低风险区21个,https://news.cctv.com/2022/11/22/ARTIsazrheH5Tf4fALirAHqF221122
海口新增1例确诊病例和17例无症状感染者，轨迹公布,https://news.cctv.com/2022/11/22/ARTIAWn00pWHqYJI1Ewt5Gc7221122
宁夏11月21日新增无症状感染者115例,https://news.cctv.com/2022/11/22/ARTIfFO6ITEAiNkY53EMvSho221122
津秦高铁唐山至天津西间线路恢复通车,https://news.cctv.com/2022/11/22/ARTI7z1eibzAAF18FOJ6K9tE221122
山东11月21日新增本土感染者“22+966”,https://news.cctv.com/2022/11/22/ARTI1cV7W7UVrgPoLNh1aQLt221122
北京延庆区新增1名核酸阳性人员，划定一地高风险区,https://news.cctv.com/2022/11/22/ARTIq3HoMJK9SVr9sk221NS7221122
入场式一个班花费上万元 学校运动会也这么卷了？,https://news.cctv.com/2022/11/22/ARTIHoDCeFTNa8f4f3pFtyRY221122
今年“双11”，这些问题频遭消费者吐槽,https://news.cctv.com/2022/11/22/ARTIEVJJW5itMjlGKWtM5T3q221122
河南安阳一厂房发生火灾 企业相关负责人已被警方控制,https://news.cctv.com/2022/11/22/ARTITGsdQZX3RYAHPqAmxEPo221122
河南安阳一厂房发生火灾 人员搜救仍在进行中,https://news.cctv.com/2022/11/22/ARTIUkaUJZd4bb7kZS64xDWq221122
应急管理部指导调度河南安阳一厂房火灾救援处置 派工作组赶赴现场,https://news.cctv.com/2022/11/22/ARTIsUtHqir8fbooCxF9ypVw221122
北京22日起对所有进返京人员实行落地“三天三检”,https://news.cctv.com/2022/11/21/ARTIs2LXPl1fXz6d6yNMBrPs221121
装配式建筑渐流行：“工厂造零件，现场拼房子”,https://news.cctv.com/2022/11/21/ARTIdaOu8a1eq1EU695twqNi221121
远古发现丨福建发现大面积对板保存的恐龙足迹化石,https://news.cctv.com/2022/11/21/ARTIRYu5XTKVxJaSPRyZSI7Z221121
“邯郸市主城区今晚要封城”？官方声明：虚假消息,https://news.cctv.com/2022/11/21/ARTIAX7GVmOojHLVmOtTVUCx221121
冬季公路交通安全区域整治行动中 各地共查处突出交通违法行为88.7万起,https://news.cctv.com/2022/11/21/ARTIrxeBjvciEWCZVOKIAijZ221121
多支柱撑起高质量养老,https://news.cctv.com/2022/11/21/ARTIfVJK6sIzGfKtFCFUsHOM221121
防不胜防！健康隐私信息如何不被恶意窃取,https://news.cctv.com/2022/11/21/ARTIP6Yt2q33i9a7gukad989221121
我国20~79岁糖尿病患者约1.41亿人,https://news.cctv.com/2022/11/21/ARTIXF1rpgCzf4IICzeyCE1R221121
闯红灯危险大 安全意识须增强,https://news.cctv.com/2022/11/21/ARTIOOtrhVnsicFsgdVE4JTm221121
幸福婚姻家庭驿站为家庭注入幸福因子,https://news.cctv.com/2022/11/21/ARTIzChS76zsCrrLtTtskaqj221121
带动就业、关注健康，各地不断加大力度――保障妇女权益 呵护儿童成长,https://news.cctv.com/2022/11/21/ARTI5xvMOhF6HpQlrEinnU6k221121
网上办假证、先上岗后办证、平台监管有漏洞…… 外卖骑手“健康证”乱象亟待整治,https://news.cctv.com/2022/11/21/ARTIGhkIrX1Ge3kBb9JaiOYx221121
将家庭美德和反家暴内容纳入村规民约,https://news.cctv.com/2022/11/21/ARTIovgGprVcrcYL5A3oBPF8221121
福建南安妇联：“三个聚焦”提升“春蕾计划”服务内涵,https://news.cctv.com/2022/11/21/ARTIqml9l3OpfjUFF18pNrgS221121
上海市白玉兰开心家园家庭服务社 用专业和爱心呵护千家万户,https://news.cctv.com/2022/11/21/ARTIhr1fPRV4tBoXW6JVD0uI221121
构建有温度、无障碍的网络环境 为“银发族”破解“数字困境”,https://news.cctv.com/2022/11/21/ARTIvRN6FFWhB0WThePZYD3Y221121
特定养老储蓄试点正式启动,https://news.cctv.com/2022/11/21/ARTIGTrCzLixl8uL7agUQP4T221121
盛大金禧老板失联：公司未兑付投资者资金或超百亿，将处置资产清偿,https://news.cctv.com/2022/11/21/ARTI4RVTMZHdFfyIX3WqlGaX221121
网传重庆某方舱医院要收费？官方回应：不收费,https://news.cctv.com/2022/11/21/ARTIqYgO0w6JcdEfM4UTCjPz221121
运营在即！广西首个连通机场的高铁站是啥样？,https://news.cctv.com/2022/11/21/ARTINRvrzLoQf6XIbIhghaoX221121
山西太原新增95例本土感染者详情公布,https://news.cctv.com/2022/11/20/ARTIbWyF0DFT5Fs8orisk5cW221120
秋冬季大雾多发 这份防御指南请收好,https://news.cctv.com/2022/11/20/ARTI8F5HUAJqSK3T3J80lA7k221120
11月19日陕西新增33例本土确诊病例 新增750例本土无症状感染者,https://news.cctv.com/2022/11/20/ARTIsLfuYD67uIBphnxUZJmD221120
【8点见】国产新冠口服药阿兹夫定网上开售？真实生物回应,https://news.cctv.com/2022/11/20/ARTI51B33ocnBb5oVCiCjytO221120
定价不合理表述不合规 多家保险公司被通报,https://news.cctv.com/2022/11/20/ARTIlKeVuijiU4WVAZOld8dG221120
四川绵阳：科技助理“穿针引线”助力科研成果转化,https://news.cctv.com/2022/11/19/ARTIpVa8tZ3dMyTLPufLjita221119
增产保供，装上“绿”驱动――能源大省山西绿色发展观察,https://news.cctv.com/2022/11/19/ARTIQuPaJY1fnj42dOAAiAqK221119
踔厉奋发向未来・二十大精神在基层｜铸就振兴发展“强引擎”――贯彻落实党的二十大精神奋力实现东北全面振兴新突破观察,https://news.cctv.com/2022/11/19/ARTIghqv4odNVYMtRzwJaIMi221119
逃避社交的你，真的“社恐”吗？,https://news.cctv.com/2022/11/19/ARTI8sFgFoJYPasbtVk4590g221119
网传河南鹤壁一女生遭霸凌？官方通报,https://news.cctv.com/2022/11/19/ARTI6IEjLq9iJwgDRzVv7al3221119
辽宁11月18日新增本土确诊13例、无症状42例,https://news.cctv.com/2022/11/19/ARTIB14t5eeztblqczzDkwIQ221119
黑龙江11月18日新增本土“5+283”，其中绥化市226例,https://news.cctv.com/2022/11/19/ARTIbYMwcJ58HIleVDjMRPFu221119
重庆11月18日新增本土确诊病例145例、本土无症状感染者4599例,https://news.cctv.com/2022/11/19/ARTI24nAQNYCubvDcDvB2TmT221119
安徽11月18日新增确诊病例1例、无症状感染者30例,https://news.cctv.com/2022/11/19/ARTItZLTlfoKMeo7R4R7U3zI221119
河北11月18日新增确诊4例、无症状感染者352例,https://news.cctv.com/2022/11/19/ARTIhMCfwGWO1VW4daDbIHxb221119
北京昨日新增本土“79+436”，倡导非必要不离开本区域,https://news.cctv.com/2022/11/19/ARTIPLRBBfwCod4vHltZMTsh221119
北京工商大学良乡校区1名保洁员确诊为阳性，学校严格实行临时管控措施,https://news.cctv.com/2022/11/19/ARTIflRYUyQYStpThjD7i13V221119
上海昨日新增本土确诊6例、本土无症状22例,https://news.cctv.com/2022/11/19/ARTIc8DwXGcdMOdDGnPFxj4p221119
云南11月18日新增省内新冠感染者124例,https://news.cctv.com/2022/11/19/ARTIN9fJgupmrTCe1WBBEbGf221119
宁夏11月18日新增无症状感染者41例,https://news.cctv.com/2022/11/19/ARTI35BFKyIuYUJCloXTp6oq221119
山西太原新增高风险区27个 部分区域静默、地铁暂停运营,https://news.cctv.com/2022/11/19/ARTI3wegJHNuUHqNvurqf0Ji221119
山东11月18日新增本土确诊病例23例、本土无症状感染者257例,https://news.cctv.com/2022/11/19/ARTIltt01Yweiq1G1nuMeh8Y221119
北京海淀：建议非必要不出海淀区，倡议办公“弹性制”,https://news.cctv.com/2022/11/19/ARTIg1cqJ2oD1ZTNDCX7vgeE221119
痛别！“拉面哥”走了,https://news.cctv.com/2022/11/19/ARTIqZOgLCG2MxMyEp77olbi221119
发模骗局 剃发流程背后都是利益 3000多个视频打包售价200元,https://news.cctv.com/2022/11/19/ARTIfsPpHqFscR41nnqzt9uz221119
郑州出台优化医疗服务十条举措,https://news.cctv.com/2022/11/18/ARTIRqb2PxtPoN8a4yKubDVX221118
合肥回应顺丰（快递）丰泰产业园及周边应管控场所强化管理有关问题,https://news.cctv.com/2022/11/18/ARTI0PjDzOavFUKDEOBVsvHn221118
河北张家口崇礼区检出2例阳性人员：均由北京朝阳区来崇滑雪,https://news.cctv.com/2022/11/18/ARTIyKixQZgllbWPAbGpw1kT221118
31省人口出生率公布：13省人口自然负增长，多省首次转负,https://news.cctv.com/2022/11/18/ARTIqmd79zcRE3rWf9jTxUx4221118
西藏阿里地区日土县发生3.3级地震 震源深度10千米,https://news.cctv.com/2022/11/18/ARTIU4xqMSpBcCxGkdsfvjvJ221118
机器人客服判定无差价、人工客服难找，双11保价为何这么难？,https://news.cctv.com/2022/11/18/ARTIhKFhraf41ize2FAofA2q221118
打造“不夜天堂”，杭州拟补贴通宵营业的餐饮、娱乐、书店等,https://news.cctv.com/2022/11/18/ARTIfy2hETPdomzh9YFJqhYB221118
预约不到的博物馆免费门票网上开卖,https://news.cctv.com/2022/11/18/ARTIrKSIgtG0nOhB9hJ6ZKfO221118
真・地铁房来了！“买房免费坐十年地铁”靠谱吗？,https://news.cctv.com/2022/11/18/ARTIEymKA3MJtxCLzFXU4B3I221118
河南昨日新增本土确诊病例108例 新增本土无症状感染者1579例,https://news.cctv.com/2022/11/18/ARTInBjw9cXugxCLkE3LEjgf221118
广东昨日新增本土321+9110，另有1017例无症状转确诊,https://news.cctv.com/2022/11/18/ARTIFIl1aMs7Y0gDGYMY2qjy221118
新疆昨日新增确诊病例27例、无症状感染者938例,https://news.cctv.com/2022/11/18/ARTIHLjWvHotoCIDEKkpf2rS221118
安徽昨日新增确诊病例1例、无症状感染者51例,https://news.cctv.com/2022/11/18/ARTIgtLUlnX4nGPCh4j7Ykrh221118
山西11月17日新增本土确诊病例63例、无症状感染者348例,https://news.cctv.com/2022/11/18/ARTIIhBWVwCGvbXeSKvBqtfJ221118
“疯狂星期四”梗那么火，疯狂的到底是谁,https://news.cctv.com/2022/11/18/ARTIHTqZUlNsJqsHjDS4s0D3221118
黑龙江11月17日新增本土确诊病例10例、本土无症状感染者312例,https://news.cctv.com/2022/11/18/ARTIUSqfXXCGm4KZZf7Ne66R221118
重庆昨日新增本土确诊病例193例、本土无症状感染者4473例,https://news.cctv.com/2022/11/18/ARTIVR4SqzPyJNeUkDBPazH6221118
北京11月17日新增100例本土确诊病例、366例本土无症状感染者,https://news.cctv.com/2022/11/18/ARTIh28B0fME8oArcnukGmPD221118
上海昨日新增本土确诊病例4例、新增本土无症状感染者25例,https://news.cctv.com/2022/11/18/ARTIhMoLsik43mRyv6lDIuQg221118
山西太原新增67例 均为隔离或闭环管控人员,https://news.cctv.com/2022/11/18/ARTIzIMev9uHEtqyI5vPATBF221118
云南11月17日新增省内感染者156例，新增外省入滇感染者11例,https://news.cctv.com/2022/11/18/ARTIwX9KXyXlqujnmSGijtw2221118
山东11月17日新增本土确诊病例10例、本土无症状感染者138例,https://news.cctv.com/2022/11/18/ARTIjTG8Sbhp9vuHRaMfZbTt221118
快递保价“理赔难”如何破解,https://news.cctv.com/2022/11/18/ARTIlqQRLaO8xrsoWMh6K8AN221118
预约不到的博物馆免费门票网上开卖,https://news.cctv.com/2022/11/18/ARTIFnDRp8LxnyEpzv7zgbGO221118
大学生活新玩法：为无聊装上想象力的翅膀,https://news.cctv.com/2022/11/18/ARTIdyct6WS8dj98FJKpUW5k221118
“痛经假”如何能无“痛”落地,https://news.cctv.com/2022/11/18/ARTIndQCGki5gT3sf44L5dao221118
“双11”后快递业如何迎接新挑战？,https://news.cctv.com/2022/11/18/ARTImmTp0ihTP8BhJCj2Z2El221118
能“抗衰老”的天价氧舱是不是智商税？,https://news.cctv.com/2022/11/18/ARTIrN1Knp6cVhtspYIkhoWw221118
网传苏州多名城管殴打商贩并踹头？官方通报：涉事工作人员已被停职，接受调查,https://news.cctv.com/2022/11/18/ARTIfiexpKy6BMoAkfAZpJil221117
北京昌平倡议：非必要不出区，工作会议提倡线上模式,https://news.cctv.com/2022/11/18/ARTIGrJUlVNS5CB8uQueOFkf221117
首都图书馆11月18日起暂时闭馆,https://news.cctv.com/2022/11/18/ARTIEakkkAJvBLSoL1U6PfIr221117
兰州城关区新增24个高风险区,https://news.cctv.com/2022/11/17/ARTIbcQx6mxZs4hWcsxTvxYj221117
上海市进一步加强来沪返沪人员健康管理,https://news.cctv.com/2022/11/18/ARTIueMh0eLbTc75rzlwmRxb221117
成都警方通报“东风大桥一带发现毒狗人士”：未检出有毒物质,https://news.cctv.com/2022/11/17/ARTIkRALTfcdzRE4KCGyz9eA221117
【8点见】郑州一核酸采样点推出VIP服务 年费320元？官方回应,https://news.cctv.com/2022/11/17/ARTIkNm9ZV65v37xVXNAsso5221117
重庆一厂房被征迁获过亿补偿引争议 曾被法院认定为违法建筑,https://news.cctv.com/2022/11/17/ARTIPJlurzbbrR3fm753s5TL221117
黑龙江穆棱市4.5级地震 无伤亡和损失,https://news.cctv.com/2022/11/16/ARTIIIxTcRwYKxC8CxzNjuDt221116
【8点见】全国首例！北京对一猥亵儿童案被告人宣告终身禁业,https://news.cctv.com/2022/11/16/ARTIIoXxxmQUn2d1Ecq0HFAY221116
“女子称生4女后又怀孕被要求离婚”引关注 妇联回应,https://news.cctv.com/2022/11/16/ARTIqw2zeT5eYFE7o2YH9X7t221116
直播镜头下的动物园：“云认养”是解燃眉之急？,https://news.cctv.com/2022/11/16/ARTIreYm6jjQHRWVaMmTd5z8221116
毕节文具店回应“女孩买文具被悬赏后轻生”：事情不是网传那样，已达成和解,https://news.cctv.com/2022/11/16/ARTIiFuvP4YtE63cXmflDnS6221116
货车运树时男子竟站在树枝上？交警：将调查核实,https://news.cctv.com/2022/11/16/ARTI7WIxcpwC5GFta6DWlNzv221116
不要论文、不报材料 湖南以培代评给新农人“评职称”,https://news.cctv.com/2022/11/16/ARTIdcZsT8qAEs62DNokFCOs221116
哈尔滨首次检出奥密克戎变异株BF.7进化分支,https://news.cctv.com/2022/11/15/ARTIHkQuqnY1P8bGagHTXeAY221115
山东泰安警方通报银行抢劫案,https://news.cctv.com/2022/11/15/ARTIIuoWGij0zpCyayI22kw9221115
山西太原新增高风险区78个,https://news.cctv.com/2022/11/15/ARTIAHMTgQe0oI4aNxO9NXbV221115
4G基站建成 中国最大国有林区进入通信信号“满格”时代,https://news.cctv.com/2022/11/15/ARTI0TSTQpyVGHAesieRmWzl221115
广东11月14日新增本土确诊病例586例、本土无症状感染者5047例,https://news.cctv.com/2022/11/15/ARTIYYZX4C7t15NphUo184i6221115
贵州11月14日新增本土确诊病例13例、本土无症状感染者36例,https://news.cctv.com/2022/11/15/ARTIrcMSDOhP7dVMnV2fmqf9221115
网传“兰州七里河金港城社区电话无人接听”，官方通报,https://news.cctv.com/2022/11/15/ARTIVus4GQlSIEuNDJ5k3gj1221115
新疆11月14日新增确诊病例28例、无症状感染者771例,https://news.cctv.com/2022/11/15/ARTIeQ847fK0bXYQfRsAgnUD221115
重庆11月14日新增本土确诊病例157例、本土无症状感染者2794例,https://news.cctv.com/2022/11/15/ARTIo2KLgqn8qNAcFuJIaPT5221115
辽宁昨日新增2例本土新冠肺炎确诊病例、18例本土无症状感染者,https://news.cctv.com/2022/11/15/ARTI4fwX8zOtEL9k9VCiyF7p221115
安徽11月14日新增确诊病例3例、无症状感染者87例,https://news.cctv.com/2022/11/15/ARTIOZJqtpiAk23lisRchYEY221115
黑龙江省新增本土确诊病例5例、本土无症状感染者371例,https://news.cctv.com/2022/11/15/ARTIlLfpQc7FHv30kJmcrIZs221115
河北11月14日新增确诊病例6例、无症状感染者529例,https://news.cctv.com/2022/11/15/ARTItToPVgaLRc5ril5Xbt1c221115
北京11月14日新增303例本土确诊病例、159例本土无症状感染者,https://news.cctv.com/2022/11/15/ARTIrJkOvNXa2PG7fAe4Bm44221115
上海昨日无新增本土确诊病例，新增本土无症状感染者16例,https://news.cctv.com/2022/11/15/ARTILEDmBbVpyC5Zg8KVmojf221115
云南11月14日新增省内感染者265例，新增外省入滇感染者4例,https://news.cctv.com/2022/11/15/ARTIIgg5R8g6PkNIkAN275SD221115
山东11月14日新增本土确诊病例8例、本土无症状感染者171例,https://news.cctv.com/2022/11/15/ARTIREshUTbF3Sq6MnyHDyC9221115
山西太原新增48例！其中30多人为幼儿园和中小学学生,https://news.cctv.com/2022/11/15/ARTIuejckVkvmyDjWkjYUqKI221115
职业验房师的“冰火两重天”,https://news.cctv.com/2022/11/15/ARTI65AZyrMgXnnWlFsiCwPK221115
外卖小哥“玩命”飞驰为哪般？,https://news.cctv.com/2022/11/15/ARTIJmMm5b0NQZXb5Waj8uNU221115
山西明确困难职工进入医疗救助对象,https://news.cctv.com/2022/11/15/ARTINulKzGm3qV6To0UnE7qZ221115
孩子沉迷网络怎么办 专家建议重建家庭沟通模式,https://news.cctv.com/2022/11/15/ARTIo6PDIiORn0eZfPqW5Nz9221115
教资考试一人拿多科证现象普遍,https://news.cctv.com/2022/11/15/ARTIxqAetdiKdgbMwqmhTpme221115
14日22时起 西安划定高风险区41个,https://news.cctv.com/2022/11/14/ARTIZvrM5Of0Uiw60tFKfDyG221114
安徽萧县发现3名核酸检测初筛异常人员，均为河南登封嵩山某武术学校学生,https://news.cctv.com/2022/11/14/ARTIGjXxVVi49UIX7zP5zOkP221114
西安警方通报男子用不明液体泼洒路人：两人已被行拘并处罚款,https://news.cctv.com/2022/11/14/ARTIp5GzpohuXRlMtT7sLEc1221114
青海海西州唐古拉地区发生3.8级地震，震源深度9千米,https://news.cctv.com/2022/11/14/ARTIW8LMAjTlVDx5OcjL3ryo221114
11月13日15时―24时，北京昌平区新增17+18，风险点位公布,https://news.cctv.com/2022/11/14/ARTI4N3us6GOb1cWRxkY2FBj221114
广东昨日新增本土确诊219例 无症状感染者3941例,https://news.cctv.com/2022/11/14/ARTIYgJJAvhauwnK0BYNtvIU221114
河南昨日新增本土确诊病例225例 本土无症状感染者2789例,https://news.cctv.com/2022/11/14/ARTIehJl7L7F8fuFINg3WcDF221114
安徽11月13日新增本土感染者“3+78”,https://news.cctv.com/2022/11/14/ARTIOpS5GzUR9npXkwGxQKdH221114
山西昨日新增本土确诊病例34例、无症状感染者181例,https://news.cctv.com/2022/11/14/ARTIrV8ZrRqdBu7RvMVqDr3A221114
新疆11月13日新增本土感染者“29+713”,https://news.cctv.com/2022/11/14/ARTIXrD6hphXPrOuwVIwJ2O0221114
北京11月13日新增237例本土确诊病例和170例无症状感染者,https://news.cctv.com/2022/11/14/ARTIaCixaBj1Zg2us7mrVFVR221114
黑龙江11月13日新增本土感染者“19+358”,https://news.cctv.com/2022/11/14/ARTINXmBBgI7SsDtFXml5p22221114
重庆11月13日新增本土感染者“150+2147”,https://news.cctv.com/2022/11/14/ARTI8lm18FdcwD4itRs4Dg5i221114
河北11月13日新增本土感染者“5+684”,https://news.cctv.com/2022/11/14/ARTIZ6PEBenHCWR8vX7Apccm221114
上海昨日新增本土确诊病例2例、本土无症状感染者13例,https://news.cctv.com/2022/11/14/ARTIcxfLpuYqK5vDeepf2887221114
云南11月13日新增省内感染者144例,https://news.cctv.com/2022/11/14/ARTIpJVOeLEDHOSaCTnz2mJg221114
山东11月13日新增本土感染者“4+159”,https://news.cctv.com/2022/11/14/ARTIR9qgJINPZyhr5hGaUnth221114
新就业形态劳动者如何不被“困”在工作时长里？,https://news.cctv.com/2022/11/14/ARTIsroxcWo1IuIKI76lBNx8221114
大城市的年轻人在“破烂儿”中寻宝,https://news.cctv.com/2022/11/14/ARTIioo7faaGfRxqKg5zOMsZ221114
网传重庆一孕妇送医延误致流产，官方公布初步调查情况,https://news.cctv.com/2022/11/14/ARTISn2W1aAbG0O3iLgQ99Z9221114
11月13日23时起 西安划定12个高风险区,https://news.cctv.com/2022/11/13/ARTIRgwCRRcm0Ea4YjNERikg221113
内蒙古集宁官方回应未参加核酸采样却查到检测结果：严肃追责,https://news.cctv.com/2022/11/13/ARTIHPAYiPvPcsVVSwON1tcc221113
重庆四区75%新增感染者在社会面发现,https://news.cctv.com/2022/11/13/ARTI2BFT63iQVheVo3SkXHPg221113
11月13日0―18时，重庆新增本土确诊病例103例、无症状感染者961例,https://news.cctv.com/2022/11/13/ARTI8vq68Z9GDGW5CUZnB6Af221113
北京市进一步完善进返京管理政策,https://news.cctv.com/2022/11/13/ARTI7qBRILJiRNUiyKJVbcWj221113
一图读懂｜密接管理、校园核酸频次有变化！上海进一步优化疫情防控措施,https://news.cctv.com/2022/11/13/ARTI0Z87mO1zmhRg4vVjGX0s221113
河北传媒学院一学生在医院救治过程中离世，学校：成立专门工作小组，协助警方调查,https://news.cctv.com/2022/11/13/ARTI3Law7R7WJ61pt6boZHeQ221113
台湾台东县海域发生5.0级地震 震源深度10千米,https://news.cctv.com/2022/11/13/ARTIQ8xqdnVOiydDFIHQ6kIi221113
买羽绒服当心商家拿“老标准”说事儿,https://news.cctv.com/2022/11/13/ARTI5l9t4yowzlrESr6FYAwP221113
【8点见】烧烤摊女子深夜扰民遭围殴？警方回应,https://news.cctv.com/2022/11/13/ARTIvQU32dE6Q57rrMhm1JGU221113
重庆官方对网传“孕妇送医延误”一事开展调查,https://news.cctv.com/2022/11/13/ARTII1Fs0WiLzJnd2N8qyR4a221113
女子深夜扰民遭群殴 警方：正在调查,https://news.cctv.com/2022/11/13/ARTIalvT2JNPu0Neddg0fqPM221113
男子“洞庭湖草原”迷路30小时后获救 当地一度出动直升机,https://news.cctv.com/2022/11/13/ARTISBrLB6x5nwVpFK9CuvL3221113
女博士回乡养蟹引网友点赞：为新时代新农人喝彩,https://news.cctv.com/2022/11/13/ARTIUNPwqG6BHWozsWcScc46221113
先交保证金再办卡 “保证金”信用卡缘何重出江湖？,https://news.cctv.com/2022/11/13/ARTIkp7i7VOFC4y6dAmhRCfP221113
吉林长春迎来今冬首场强降雪,https://news.cctv.com/2022/11/12/ARTIMpUtZVYMLgs9OuzwkGeF221112
深圳大学一名员工坠亡？校方：系后勤餐厅员工 不是刑事案件,https://news.cctv.com/2022/11/12/ARTIvE7q6awUHtZ5zpckc2rB221112
不妨尝试主动养老,https://news.cctv.com/2022/11/12/ARTItysg3sKQKDQClNLBRBUH221112
【8点见】西安有城管向商户收保护费？官方回应,https://news.cctv.com/2022/11/12/ARTIAJdfbulAiYXnqBoWPwgV221112
洞庭湖底现大型神秘图案 官方：非古墓古城遗址,https://news.cctv.com/2022/11/12/ARTIuQGXIduDjr1GM2PM9SkQ221112
通报来了！黑龙江奶茶店“先欢迎后扫码”事件多人被处理,https://news.cctv.com/2022/11/11/ARTI4jSzj8pPb73RZR8nsjW2221111
黑龙江一客车侧翻 不幸致4死15伤,https://news.cctv.com/2022/11/11/ARTIwTh5Eaeo2JvHaa1VfDpR221111
哈尔滨出现局部聚集性疫情，新增16例阳性感染者,https://news.cctv.com/2022/11/11/ARTIRNKMV1dUxbBnXiNDSO88221111
儿童智能手表真的需要那么多“功能”吗,https://news.cctv.com/2022/11/11/ARTISL3ATUoq1enYvTg3cPka221111
京唐城际铁路拟年底开通 北京至唐山最快仅需39分钟,https://news.cctv.com/2022/11/11/ARTIzYsFoR2EcgxjthEizeqs221111
冬季取暖设备如何放心选？安全常识要谨记,https://news.cctv.com/2022/11/11/ARTIvm92JqZr0ofXeJmEnsHh221111
如何辨别贷款中介机构是否正规？消费者须“四看”,https://news.cctv.com/2022/11/11/ARTIt7E7omHgwIq19llCCqIc221111
孔庙和国子监博物馆11月11日至13日临时闭馆,https://news.cctv.com/2022/11/10/ARTITCikB0y14k6goF7mGz8A221110
北京：重点人群、重点行业、重点区域实行“1天1检”,https://news.cctv.com/2022/11/10/ARTIrbsv9BpKnhCoHqWUGJ8S221110
北京优先排查涉疫“放大器”场所 对涉疫风险点位和风险人员滚动排查,https://news.cctv.com/2022/11/10/ARTIis2wnwVjKnNprNhFE2DJ221110
新疆塔城地区乌苏市发生3.0级地震，震源深度10千米,https://news.cctv.com/2022/11/10/ARTIrKJOM7XZuTuKs3D8H8T7221110
杭州冰雪大世界“6・9”较大火灾事故调查报告公布，8人被刑拘,https://news.cctv.com/2022/11/10/ARTIo3x8Z6YdQwdaalqwg169221110
11月9日0时至24时 天津新增39例本土阳性感染者,https://news.cctv.com/2022/11/10/ARTI1TjIrYE6l4N2WHA5MXDy221110
滇中引水工程凤凰山隧洞掘进取得突破性进展,https://news.cctv.com/2022/11/10/ARTIpMkN6uFLplvLQZ8Y6S4R221110
北京已可预约吸入用新冠疫苗,https://news.cctv.com/2022/11/10/ARTISuIJIfqsEG7NOb2gRMPp221110
南方能源监管局督促指导广东电网公司做好疫情防控电力保障工作,https://news.cctv.com/2022/11/10/ARTIOs8mXqUCgdbKJxjF1mTy221110
安徽11月9日新增本土无症状感染者43例,https://news.cctv.com/2022/11/10/ARTIp04dHgaQGG5uCDE9dEfS221110
甘肃11月9日新增确诊病例7例、无症状感染者237例,https://news.cctv.com/2022/11/10/ARTIWg38UHy889uTZQQiOXwD221110
青海11月9日新增本土“1+276”，其中西宁市“1+243”,https://news.cctv.com/2022/11/10/ARTI4Eu6G5gV845Yefwmcxzn221110
河南昨日新增本土178+1065，其中郑州177+1052,https://news.cctv.com/2022/11/10/ARTIPkJMGAVQ5RwUG3rV0dHp221110
湖南11月9日新增本土确诊病例13例、本土无症状感染者94例,https://news.cctv.com/2022/11/10/ARTIKSmlbaNoPfSRloP8CfAq221110
11月9日陕西新增12例本土确诊病例（其中1例为无症状转确诊） 新增37例本土无症状感染者,https://news.cctv.com/2022/11/10/ARTID2Anyb3yIwpFSveJBX7z221110
陕西11月9日新增12例本土确诊病例、37例本土无症状感染者,https://news.cctv.com/2022/11/10/ARTIWEbgKQyynzvJ4SpxoWoE221110
福建11月9日新增本土确诊病例2例、本土无症状感染者43例,https://news.cctv.com/2022/11/10/ARTIOudjWHh5izSN5l3dbPwE221110
内蒙古11月9日新增本土确诊病例107例、本土无症状感染者1019例,https://news.cctv.com/2022/11/10/ARTIrc9QTVtOXsYNpwo6JD06221110
四川11月9日新增省内感染者65例，新增外省来返川感染者44例,https://news.cctv.com/2022/11/10/ARTIVb8o97FCAkEHYLLV69lw221110
广东省新增本土确诊病例200例 新增本土无症状感染者2507例,https://news.cctv.com/2022/11/10/ARTIcO7g5POTEQLpNfA49WyS221110
有异地医保能参保“北京普惠健康保”吗？答疑来了,https://news.cctv.com/2022/11/10/ARTIFAyvFvTuGrDBKvo3B0Up221110
说好的试用期“遥遥无期”？法律限定防止反复“试用”,https://news.cctv.com/2022/11/10/ARTIdT2KFj7Yap2CD9ti2z9p221110
甜味剂会导致肥胖吗？专家给出解释,https://news.cctv.com/2022/11/10/ARTIGlV1Uz30UTCzS05JSXx3221110
赣州河滩“挖宝”吸引网红直播 当地文物局发布通告,https://news.cctv.com/2022/11/10/ARTIboauhlneflpZhTG2bOSU221110
疫情防控措施落实不力，湖南邵阳县委常委、政法委书记曾林受到停职处理,https://news.cctv.com/2022/11/09/ARTIKBSOh5gv81oMADdxnl96221109
星空有约丨一次赏心悦目的火星合月11日将亮相天宇,https://news.cctv.com/2022/11/09/ARTIzgEASRtF0RHEpR3eWZ74221109
郑州多家银行出台延期还贷政策,https://news.cctv.com/2022/11/09/ARTI2nZQjp7B6SKN5Bf2DCKT221109
广州：全面加强价格监管工作力度 依法从严从重查处不按规定明码标价、哄抬价格等行为,https://news.cctv.com/2022/11/09/ARTITGnpjpIHtCmhFQPTVjFk221109
华北电力大学：一学生核酸阳性，全体在校师生员工连续三天进行核酸检测,https://news.cctv.com/2022/11/09/ARTIfiBrlqmy0MhNqtetTuky221109
北京疾控：请广大市民继续做好个人防护，三类人员主动报告,https://news.cctv.com/2022/11/09/ARTIDcvk9UqoKyw5q7M5c05h221109
北京优化完善进返京政策和远端管控，拓展微信线上办理渠道,https://news.cctv.com/2022/11/09/ARTIiaEzaw4gnvrkMCEYliyD221109
新疆库尔勒：对北园新村患者医治无效死亡事件开展调查,https://news.cctv.com/2022/11/09/ARTIVDxfwXQEJaK1TE9ehPeY221109
北京雁栖湖景区11月9日起临时闭园,https://news.cctv.com/2022/11/09/ARTIflCAypNQUZOcdVUr8f6E221109
石家庄：11月10日提前启动供暖,https://news.cctv.com/2022/11/09/ARTIiaWRq951V2REU2XpWNlF221109
今冬北方首场大范围雨雪来袭 一图掌握重点城市雨雪进程,https://news.cctv.com/2022/11/09/ARTItX5pMDlYZA1p7ySjR2KI221109
天津11月8日新增27例本土阳性感染者,https://news.cctv.com/2022/11/09/ARTIxMIAm6eHZOeesC6lxz3m221109
陕西历史博物馆发布11日恢复开放公告,https://news.cctv.com/2022/11/09/ARTIh8460b6GO3xlheIa5EPN221109
郑州航空港区解除静态管理,https://news.cctv.com/2022/11/09/ARTIDTMUKVnRJCOjjmXcs19r221109
雍和宫11月10日起暂停开放,https://news.cctv.com/2022/11/09/ARTIPcK4fe1r5VpJGoqmjkBM221109
湖南11月8日新增本土感染者“8+151”,https://news.cctv.com/2022/11/09/ARTIwjUCMvo0jupYRS924N2K221109
11月8日0―24时，青海省新增本土确诊病例4例，新增本土无症状感染者96例,https://news.cctv.com/2022/11/09/ARTIu7HjFzU9Dl9jWWapEUl5221109
教育部查处多起中小学生违规竞赛问题,https://news.cctv.com/2022/11/09/ARTIWKvu1LT7GespWN3TFcaQ221109
甘肃11月8日新增本土感染者“10+136”,https://news.cctv.com/2022/11/09/ARTIacMuTi50HzvxuWJr84k4221109
11月8日陕西新增13例本土确诊病例、16例本土无症状感染者,https://news.cctv.com/2022/11/09/ARTI8HhyJshq7CzMctQNvuz0221109
福建11月8日新增本土确诊病例3例、本土无症状感染者42例,https://news.cctv.com/2022/11/09/ARTIMnJr7ZZwL6VMJohz8NPE221109
四川11月8日新增省内感染者41例，新增外省来返川感染者47例,https://news.cctv.com/2022/11/09/ARTIQd6RUE0RWe6LQE5NyJqu221109
内蒙古11月8日新增本土感染者“135+938”,https://news.cctv.com/2022/11/09/ARTImwGhxzdDrufRXp0GJ5Vx221109
河南11月8日新增本土感染者“159+888”,https://news.cctv.com/2022/11/09/ARTIJgZmUOEpEXiV2o0h9Wpk221109
湖北11月8日新增本土感染者“2+103”,https://news.cctv.com/2022/11/09/ARTII3t5vdXjooNlX8qDRtuj221109
中学时千呼万唤的运动会 上大学后漠不关心？,https://news.cctv.com/2022/11/09/ARTIQSHEbcYe6g1oeKD5kOOV221109
提升宅家幸福能力 年轻人开始卷住商了,https://news.cctv.com/2022/11/09/ARTIhE2QCE6u45OH3wh9pR1B221109
黑龙江昨日新增本土确诊病例3例 新增本土无症状感染者403例,https://news.cctv.com/2022/11/09/ARTIKCGCdtfY97ilrQ2JV2cv221109
【8点见】河南辟谣社区书记刘红英开医疗公司：同名同姓,https://news.cctv.com/2022/11/09/ARTIN7SiOI4r0l6LA0zKewZU221109
73岁老人直播教成年人识字：他们不该被忽视,https://news.cctv.com/2022/11/09/ARTIrk4fC1jSPJI4tsjrcoDN221109
【8点见】院长被举报骚扰女下属 校方：解聘,https://news.cctv.com/2022/11/08/ARTI2BnK2u84G6dG63VtKuZ5221108
透视老年大学报名火热,https://news.cctv.com/2022/11/08/ARTIRYLojXpxWC6aIVN3hCai221108
不再是大厂备胎，互联网中厂开抢人才,https://news.cctv.com/2022/11/08/ARTIedVcbc0PONznl2tjCPdi221108
全国各地加速入冬，北方供暖被提上日程,https://news.cctv.com/2022/11/08/ARTITnAzz3u7khTgW3kdbgjM221108
北戴河等15家度假区拟确定为新一批国家级旅游度假区,https://news.cctv.com/2022/11/08/ARTIAlhaopAcM4rklP7CCSAg221108
新青年丨为了“跑赢”诈骗团伙，他选择去说“段子”,https://news.cctv.com/2022/11/07/ARTISMzVXoQtZrAbMozDFGPE221107
父亲推脑瘫儿子跑马拉松：“我答应他一辈子站在身后”,https://news.cctv.com/2022/11/07/ARTIVLpW3iT6QIyA5iK92vrF221107
监管缺位保障不足 有了业委会，物业麻烦就解决了吗,https://news.cctv.com/2022/11/07/ARTIEHLRFZJJloR5dGQN3oVz221107
大陆专家：赠台大熊猫“团团”病情稳定 病因仍未确定,https://news.cctv.com/2022/11/06/ARTI5h9hUh3Upc8Ztk84fLO0221106
气象干旱黄色预警：湖南南部、江西西南部、广西东北部等地有特旱,https://news.cctv.com/2022/11/06/ARTIndc16jCntcxKVirePhxB221106
呼和浩特：有序开放沿街生活物资用品店,https://news.cctv.com/2022/11/06/ARTIStuu7b4SYpsZ4JfBSPKm221106
8日天宇“上线”月全食，我国公众可赏“红月亮”,https://news.cctv.com/2022/11/06/ARTIPnbzo365KUOTzaf4sF7P221106
“网课入侵”时有发生 如何营造安全的网课空间,https://news.cctv.com/2022/11/06/ARTIWqsi8LqVmfov9rp1Ksdh221106
河南汝州等地解除临时管控 有序恢复正常生活秩序,https://news.cctv.com/2022/11/06/ARTIujGoVXSwSpdqIkhUIBbN221106
多地优化完善疫情防控措施，专家：可采用抗原检测进行追踪,https://news.cctv.com/2022/11/06/ARTIPSO33zvHG3paASbjuxES221106
“纸盒狗”风靡中国高校 年轻人偏爱“趣味社交”,https://news.cctv.com/2022/11/06/ARTI2WS63n8nrRPwHA3J0o5Q221106
被点名处置疫情“层层加码”等问题后，郑州等地开展纠偏整改工作,https://news.cctv.com/2022/11/06/ARTIbRlccEf3HMtOk4IKz4hX221106
陕西11月5日新增9例本土确诊病例、13例本土无症状感染者,https://news.cctv.com/2022/11/06/ARTI02JtXlnhtMLzs9tOK4cr221106
“围炉煮茶” 火出圈 网友纷纷晒图：成为放松新选择,https://news.cctv.com/2022/11/06/ARTIFGGDaCK2hpBvZnuWGHFi221106
五部门联合发布《个人养老金实施办法》,https://news.cctv.com/2022/11/06/ARTI5BN7Fzfao52O5ZdDZ06q221106
广州遇三年来最严峻疫情 多地因防疫违规被点名,https://news.cctv.com/2022/11/06/ARTIgE0FIYYgKmvvqh7hmFjS221106
京唐、京滨城际铁路进入运行试验阶段,https://news.cctv.com/2022/11/06/ARTIhh6rlGj9Ae25oYR0EMM3221106
云南楚雄州牟定县发生3.2级地震，震源深度9千米,https://news.cctv.com/2022/11/05/ARTILaLBgdAFNtGtyWa1bAIz221105
河北省石家庄市划定16个高风险区,https://news.cctv.com/2022/11/05/ARTIKBkRlOaP6zGt5WBtUsXG221105
新疆阿克苏地区库车市发生3.0级地震,https://news.cctv.com/2022/11/05/ARTIXTRi9X7AAFWgRE1BA2Zj221105
陕西11月4日新增17例本土确诊病例、15例本土无症状感染者,https://news.cctv.com/2022/11/05/ARTI3sz7D8sk30erYzhR48mX221105
北京餐饮行业从业人员核酸检测频次即日起调整为“一天一检”,https://news.cctv.com/2022/11/05/ARTIajuSjHrls5SV6YK0DOvh221105
与人潮背道而驰 “反向旅游”走红,https://news.cctv.com/2022/11/05/ARTIjEzh4YNRSv46T0YvgVmP221105
广西师大69名本科生拟作退学处理：6年期限内未能完成学业,https://news.cctv.com/2022/11/05/ARTIi6pA7YtxNJS1lstTOS74221105
记者卧底网课入侵群：“网课爆破”污秽不堪，涉嫌违法犯罪,https://news.cctv.com/2022/11/05/ARTItlxUgFisSDKDHJtpVYO1221105
快递业“霸王条款” 未保价快件受损按低限赔偿失公平,https://news.cctv.com/2022/11/05/ARTI4z79xT4d0x6TlDVfQl6h221105
202元存银行15年变88.72元  睡眠账户如何规避小额管理费？,https://news.cctv.com/2022/11/04/ARTI56xgPRplg5vtOIgjQgEm221104
气温刷新低 东北三省保暖保供,https://news.cctv.com/2022/11/04/ARTIK8iWcBOvPhbLp8gq5Z5G221104
石家庄新划定21个高风险区,https://news.cctv.com/2022/11/03/ARTIHSdcKMRECmtHZnNEaldI221103
重庆11月2日新增本土确诊10例、本土无症状7例,https://news.cctv.com/2022/11/03/ARTIyDDj1vUaw1CLNygqfK0o221103
